"Pagina","Topo","Esquerda interna","Centro","Direita","Mobile"
"Onboarding e configuracao inicial","Progresso do setup e proximo passo","Checklist de etapas","Formulario da etapa atual","Ajuda contextual e impacto do que falta","Nao entra no app"
"Hoje","Data, busca, filtros de prioridade e indicadores do dia","Fila curta por urgencia","Cartoes do dia: aulas, dinheiro, atendimento, riscos e bloqueios","Detalhe do cartao selecionado com acao manual/copiloto","Tela inicial do app com cartoes do dia"
"Inbox e conversas","Busca, canal, status, responsavel e botao nova conversa","Lista de conversas por prioridade","Conversa selecionada","Perfil, historico, resumo, sugestao de resposta e botoes assumir/delegar","Lista de conversas e detalhe em tela cheia"
"Contatos","Busca, filtros e novo contato","Segmentos e duplicidades","Lista de contatos e telefones compartilhados","Detalhe do contato, preferencia, bloqueio e vinculos operacionais","Consulta parcial a partir do aluno/conversa; sem responsaveis/familia/consentimentos como modulos proprios"
"Qualidade de dados","Tipo de problema, impacto e status","Filas de duplicidade, incompletos e bloqueios","Lista de problemas com impacto operacional","Antes/depois, sugestao de correcao, risco e objetos afetados","Aprovacao/consulta para corrigir bloqueios"
"Alunos e perfil do aluno","Busca, status, plano e risco","Lista/segmentos de alunos","Perfil do aluno com agenda, plano, pagamentos e tarefas","Proximas acoes, riscos, conversa e historico curto","Perfil resumido e acoes principais"
"Historico do aluno","Aluno, permissao e periodo","Tipos de registro","Linha do tempo sensivel","Detalhe do registro, quem pode ver e anexos","Consulta restrita quando permitido"
"Professor e notas","Professor, dia e aulas","Lista de aulas do professor","Cartoes de alunos da aula e notas pendentes","Contexto permitido e handoff","Tela do professor para notas e lembretes"
"Agenda","Dia/semana, professor, turma e status","Mini calendario e filtros","Calendario operacional","Aula selecionada, capacidade, conflitos e acoes","Agenda do dia e semana"
"Grade, turmas e eventos","Periodo, unidade e criar turma/evento","Turmas, professores e recursos","Grade semanal editavel","Impacto de mudanca e simulacao","Consulta e ajustes simples"
"Aula e chamada","Aula, horario, professor e status","Alunos esperados","Chamada com presenca, faltas e observacoes","Contexto do aluno e consequencias da falta","Chamada completa no app"
"Reposicoes e lista de espera","Vagas, creditos, periodo e prioridade","Filtros por horario/turma","Fila de pedidos e vagas disponiveis","Candidatos para encaixe e convite","Cartoes para aprovar/resolver encaixe"
"Interessados e vendas","Busca, etapa, origem e temperatura","Etapas do funil","Pipeline por cartoes de lead","Detalhe do lead, conversa, objecoes e proxima acao","Consulta e follow-up principal"
"Aulas experimentais","Dia, status e professor","Lista por status","Agenda comercial e cartoes de experimental","Detalhe, lembrete, pos-aula e conversao","Acoes de lembrete, remarcacao e pos-aula"
"Matriculas","Status de pre-matricula e pendencias","Checklist de dados","Lista de matriculas em andamento","Pendencias, contrato, pagamento e primeira aula","Consulta e aprovacao simples"
"Vendas e origens","Periodo, origem e conversao","Origens e segmentos","Painel de fontes, indicacoes e demanda sem vaga","Detalhe da origem e acoes de segmento","Consulta"
"Financeiro","Mes, recebido, previsto, atraso e falhas","Filtros de status","Visao de caixa e filas financeiras","Item financeiro selecionado e acao segura","Resumo e alertas importantes"
"Pagamentos e cobrancas","Periodo, vencimento, status e canal","Filtros por atraso e forma","Lista de pagamentos/cobrancas","Detalhe, comprovante, conversa e lembrete","Fila parcial de cobranca"
"Excecoes financeiras contextuais","Herdado da rota de origem","Sem pagina propria","Drawer, aprovacao ou tarefa vinculada ao item financeiro","Impacto, motivo, antes/depois e auditoria","Aprovacoes e consulta contextual"
"Contratos e documentos financeiros","Busca, status e tipo","Tipos de documento","Lista de contratos/recibos","Detalhe, assinatura, envio e anexo","Consulta"
"Retencao","Risco, periodo e grupo de alunos","Segmentos de risco","Cartoes de alunos em risco, inativos e primeira semana","Plano de acao, mensagem sugerida e tarefa manual","Cartoes de risco prioritario"
"Cancelamentos e reativacao","Status, motivo e elegibilidade","Segmentos de cancelamento","Jornada de salvamento, cancelamento e reativacao","Detalhe, motivo, historico e proxima tentativa","Consulta e acoes essenciais"
"Reclamacoes e casos sensiveis","Severidade, prazo e responsavel","Fila por risco","Cartoes de reclamacao/caso sensivel","Plano de resposta, pausa de automacao e auditoria","Aprovacao e acompanhamento"
"Jornadas e operacao","Status, area, responsavel e etapa","Etapas e filtros por tipo","Mapa de jornadas com cartoes conectados por etapa","Caso selecionado, historico curto, sugestao e acoes","Cartoes de jornada prioritarios"
"Tarefas e operacao","Responsavel, prazo e prioridade","Donos e status","Lista priorizada de tarefas","Detalhe da tarefa, origem e comentarios","Minhas tarefas e tarefas do dia"
"Aprovacoes","Risco, origem e prazo","Tipos de aprovacao","Fila de aprovacoes com antes/depois","Mensagem, impacto, custo/cota e botoes aprovar/editar/rejeitar","Aprovacao rapida com detalhe"
"Agentes e fluxos","Agente, modo, status e plano","Lista de agentes e fluxos","Cartoes de fluxo com modo manual/copiloto/autonomo","Regras, simulacao, limites e ultima execucao","Consulta e pausas rapidas"
"Execucoes e incidentes de agentes","Periodo, status, agente e custo","Filtros de erro","Lista de execucoes e incidentes","Explicacao, ferramenta usada, correcao e reexecucao segura","Alertas e consulta"
"Uso, cotas e economia","Cota usada, restante e previsao","Tipos de consumo","Grafico simples e lista de consumo por area/fluxo","Acoes de economia, pacote extra e bloqueios","Consulta de cota e alertas"
"Relatorios e exportacoes","Periodo, area e exportar","Tipos de relatorio","Paineis enxutos e tabelas de apoio","Filtros salvos, explicacao e links para casos","Consulta"
"Configuracoes","Busca, area e salvar","Menu de configuracoes","Formulario da secao selecionada","Impacto, testes e auditoria","Nao prioritario no app"
"Politicas operacionais","Politica, versao e vigencia","Tipos de politica","Editor de regras em linguagem simples","Simulacao de impacto e historico de versoes","Nao prioritario no app"
"Recursos, feriados e disponibilidade","Periodo, recurso e professor","Recursos e fechamentos","Calendario de disponibilidade","Impacto em aulas e avisos necessarios","Consulta e alerta"
"Segmentos e comunicados","Publico, canal e status","Segmentos salvos","Construtor de publico e comunicados","Elegibilidade, consentimento, custo e aprovacao","Aprovacao/consulta"
"Integracoes","Status dos conectores","Lista de integracoes","Cartoes de WhatsApp, pagamentos e importacao","Logs curtos, teste e reprocessamento","Nao prioritario no app"
"Auditoria","Periodo, usuario, objeto e risco","Filtros","Lista de eventos","Antes/depois e origem da alteracao","Consulta sensivel"
"Privacidade e solicitacoes","Status, tipo e prazo","Tipos de solicitacao","Fila LGPD, opt-out e consentimentos","Validacao, execucao e auditoria","Aprovacao sensivel"
"Assinatura e billing","Plano, status e fatura","Produtos e add-ons","Plano atual, faturas e pacotes","Upgrade, pacote, falha e historico","Consulta"
