"Pagina","Area","Caso de uso","Tipo dentro da pagina","Profundidade de lancamento","Mobile","Automacao","Agente relacionado"
"Onboarding e configuracao inicial","Configuracao inicial","Acessar a conta paga do studio","Tela propria","Incluir completo o suficiente para operar","Web primeiro","Manual","Nao exige agente"
"Onboarding e configuracao inicial","Configuracao inicial","Completar o perfil do studio","Tela propria","Incluir completo o suficiente para operar","Web primeiro","Manual + sugestao","Nao exige agente"
"Onboarding e configuracao inicial","Configuracao inicial","Concluir a lista de configuracao inicial","Fila ou lista propria","Incluir completo o suficiente para operar","Web primeiro","Automacao simples permitida","Gestao do studio"
"Onboarding e configuracao inicial","Configuracao inicial","Importar os primeiros dados","Tela propria","Incluir completo o suficiente para operar","Web primeiro","Automacao simples permitida","Gestao do studio"
"Onboarding e configuracao inicial","Configuracao inicial","Resolver contatos ou alunos duplicados na importacao","Fila ou lista propria","Incluir completo o suficiente para operar","Web primeiro","Manual + sugestao","Atendimento, Gestao do studio"
"Onboarding e configuracao inicial","Configuracao inicial","Convidar membros da equipe","Tela propria","Incluir completo o suficiente para operar","Web primeiro","Manual","Nao exige agente"
"Configuracoes","Configuracao inicial","Definir papeis e permissoes da equipe","Configuracao web","Incluir com trava forte","Web primeiro","Bloqueada para decisao sensivel","Historico do aluno, Gestao do studio"
"Configuracoes","Configuracao inicial","Conectar WhatsApp e outros canais","Configuracao web","Incluir completo o suficiente para operar","Web primeiro","Limitada com revisao","Atendimento, Integracoes"
"Configuracoes","Configuracao inicial","Configurar modelos de resposta e perguntas frequentes","Configuracao web","Incluir completo o suficiente para operar","Web primeiro","Manual + sugestao","Atendimento"
"Configuracoes","Configuracao inicial","Configurar regras da agenda","Configuracao web","Incluir com trava forte","Web primeiro","Bloqueada para decisao sensivel","Agenda"
"Configuracoes","Configuracao inicial","Configurar planos e regras financeiras","Configuracao web","Incluir completo o suficiente para operar","Web primeiro","Limitada com revisao","Financeiro"
"Configuracoes","Configuracao inicial","Configurar privacidade e preferencias de contato","Configuracao web","Incluir com trava forte","Web primeiro","Bloqueada para decisao sensivel","Atendimento"
"Configuracoes","Configuracao inicial","Configurar regras operacionais do studio","Menu ou subarea propria","Incluir com trava forte","Web primeiro","Bloqueada para decisao sensivel","Gestao do studio"
"Hoje","Rotina diaria","Abrir as prioridades do dia","Painel ou relatorio","Incluir completo o suficiente para operar","Mobile acao completa","Automacao simples permitida","Gestao do studio"
"Hoje","Rotina diaria","Ver oportunidades de receita em aberto","Painel ou relatorio","Incluir completo o suficiente para operar","Mobile aprovacao/consulta","Automacao simples permitida","Gestao do studio"
"Jornadas e operacao","Rotina diaria","Ver fila que precisa de atendimento humano","Fila ou lista propria","Incluir completo o suficiente para operar","Mobile parcial","Automacao simples permitida","Gestao do studio"
"Tarefas e operacao","Rotina diaria","Acompanhar tarefas por responsavel e prazo","Fila ou lista propria","Incluir completo o suficiente para operar","Mobile parcial","Automacao simples permitida","Agente relacionado a validar"
"Tarefas e operacao","Rotina diaria","Delegar uma tarefa ou caso","Dentro de outra tela","Incluir completo o suficiente para operar","Mobile acao completa","Manual + sugestao","Agente relacionado a validar"
"Tarefas e operacao","Rotina diaria","Encerrar casos resolvidos","Dentro de outra tela","Incluir completo o suficiente para operar","Mobile acao completa","Manual + sugestao","Agente relacionado a validar"
"Jornadas e operacao","Rotina diaria","Revisar notificacoes e alertas","Revisao/aprovacao","Incluir completo o suficiente para operar","Mobile parcial","Automacao simples permitida","Agente relacionado a validar"
"Hoje","Rotina diaria","Encontrar gargalos da operacao","Painel ou relatorio","Incluir completo o suficiente para operar","Mobile aprovacao/consulta","Automacao simples permitida","Gestao do studio"
"Hoje","Rotina diaria","Revisar o resumo semanal","Painel ou relatorio","Incluir completo o suficiente para operar","Mobile parcial","Automacao simples permitida","Gestao do studio"
"Jornadas e operacao","Rotina diaria","Ver problemas de dados ou configuracao","Fila ou lista propria","Incluir com trava forte","Mobile aprovacao/consulta","Bloqueada para decisao sensivel","Gestao do studio"
"Inbox e conversas","Atendimento e contatos","Atender uma nova conversa do WhatsApp","Sem tela propria","Incluir completo o suficiente para operar","Mobile acao completa","Limitada com revisao","Atendimento"
"Inbox e conversas","Atendimento e contatos","Responder pedido de aluno atual","Dentro de outra tela","Incluir completo o suficiente para operar","Mobile acao completa","Automacao simples permitida","Atendimento"
"Inbox e conversas","Atendimento e contatos","Resolver pergunta sem resposta pronta","Dentro de outra tela","Incluir completo o suficiente para operar","Mobile acao completa","Automacao simples permitida","Atendimento"
"Inbox e conversas","Atendimento e contatos","Assumir conversa no lugar do agente","Dentro de outra tela","Incluir completo o suficiente para operar","Mobile acao completa","Manual + sugestao","Atendimento"
"Contatos","Atendimento e contatos","Registrar preferencia ou bloqueio de contato","Sem tela propria","Incluir completo o suficiente para operar","Mobile parcial","Automacao simples permitida","Atendimento"
"Contatos","Atendimento e contatos","Resolver telefone compartilhado","Dentro de outra tela","Incluir completo o suficiente para operar","Mobile acao completa","Automacao simples permitida","Atendimento"
"Privacidade e solicitacoes","Atendimento e contatos","Atualizar dados de contato com seguranca","Dentro de outra tela","Incluir completo o suficiente para operar","Mobile acao completa","Manual + sugestao","Atendimento"
"Contatos","Atendimento e contatos","Confirmar permissao de contato quando necessario","Dentro de outra tela","Incluir com trava forte","Mobile acao completa","Bloqueada para decisao sensivel","Atendimento, Historico do aluno"
"Inbox e conversas","Atendimento e contatos","Classificar midia, comprovante, documento ou audio","Dentro de outra tela","Incluir completo o suficiente para operar","Mobile acao completa","Automacao simples permitida","Atendimento"
"Qualidade de dados","Atendimento e contatos","Resolver contato ou aluno duplicado","Fila ou lista propria","Incluir completo o suficiente para operar","Mobile aprovacao/consulta","Manual + sugestao","Atendimento"
"Privacidade e solicitacoes","Atendimento e contatos","Atender pedido de privacidade ou dados","Central de casos","Incluir com trava forte","Mobile aprovacao/consulta","Bloqueada para decisao sensivel","Atendimento"
"Inbox e conversas","Atendimento e contatos","Reabrir conversa parada ou atrasada","Dentro de outra tela","Incluir completo o suficiente para operar","Mobile acao completa","Automacao simples permitida","Atendimento"
"Interessados e vendas","Vendas e matriculas","Capturar interessado vindo de varios canais","Menu ou subarea propria","Incluir completo o suficiente para operar","Mobile aprovacao/consulta","Automacao simples permitida","Vendas"
"Interessados e vendas","Vendas e matriculas","Cadastrar interessado manualmente","Tela propria","Incluir completo o suficiente para operar","Mobile parcial","Manual + sugestao","Vendas"
"Vendas e origens","Vendas e matriculas","Analisar origem dos interessados","Painel ou relatorio","Incluir completo o suficiente para operar","Mobile aprovacao/consulta","Automacao simples permitida","Vendas"
"Interessados e vendas","Vendas e matriculas","Qualificar pessoa interessada","Dentro de outra tela","Incluir completo o suficiente para operar","Mobile acao completa","Automacao simples permitida","Vendas"
"Interessados e vendas","Vendas e matriculas","Responder duvida sobre preco ou plano","Dentro de outra tela","Incluir completo o suficiente para operar","Mobile acao completa","Automacao simples permitida","Vendas"
"Aulas experimentais","Vendas e matriculas","Agendar aula experimental","Revisao/aprovacao","Incluir completo o suficiente para operar","Mobile parcial","Automacao simples permitida","Agenda, Vendas"
"Aulas experimentais","Vendas e matriculas","Enviar lembrete da aula experimental","Dentro de outra tela","Incluir completo o suficiente para operar","Mobile acao completa","Automacao simples permitida","Vendas"
"Aulas experimentais","Vendas e matriculas","Remarcar falta na aula experimental","Dentro de outra tela","Incluir completo o suficiente para operar","Mobile acao completa","Automacao simples permitida","Agenda"
"Aulas experimentais","Vendas e matriculas","Fazer acompanhamento depois da experimental","Dentro de outra tela","Incluir completo o suficiente para operar","Mobile acao completa","Automacao simples permitida","Vendas"
"Interessados e vendas","Vendas e matriculas","Manter cadencia de acompanhamento comercial","Sem tela propria","Incluir completo o suficiente para operar","Mobile aprovacao/consulta","Limitada com revisao","Vendas"
"Interessados e vendas","Vendas e matriculas","Responder objecoes de venda","Dentro de outra tela","Incluir completo o suficiente para operar","Mobile acao completa","Automacao simples permitida","Vendas"
"Matriculas","Vendas e matriculas","Criar pre-matricula","Tela propria","Incluir completo o suficiente para operar","Mobile aprovacao/consulta","Manual + sugestao","Vendas"
"Interessados e vendas","Vendas e matriculas","Recuperar abandono de checkout","Dentro de outra tela","Incluir completo o suficiente para operar","Mobile aprovacao/consulta","Automacao simples permitida","Vendas"
"Vendas e origens","Vendas e matriculas","Revisar indicacao e beneficio","Tela propria","Incluir completo o suficiente para operar","Mobile aprovacao/consulta","Manual + sugestao","Vendas"
"Vendas e origens","Vendas e matriculas","Lidar com demanda sem horario disponivel","Dentro de outra tela","Incluir completo o suficiente para operar","Mobile acao completa","Automacao simples permitida","Vendas"
"Matriculas","Vendas e matriculas","Converter interessado em aluno","Dentro de outra tela","Incluir completo o suficiente para operar","Mobile aprovacao/consulta","Manual + sugestao","Vendas"
"Grade, turmas e eventos","Agenda e aulas","Criar ou ajustar a grade semanal","Tela propria","Incluir completo o suficiente para operar","Mobile aprovacao/consulta","Manual + sugestao","Agenda"
"Grade, turmas e eventos","Agenda e aulas","Criar turma","Tela propria","Incluir completo o suficiente para operar","Mobile aprovacao/consulta","Manual + sugestao","Agenda"
"Agenda","Agenda e aulas","Revisar agenda do dia","Fila ou lista propria","Incluir completo o suficiente para operar","Mobile acao completa","Automacao simples permitida","Agenda"
"Aula e chamada","Agenda e aulas","Abrir uma aula","Menu ou subarea propria","Incluir completo o suficiente para operar","Mobile acao completa","Manual","Agenda"
"Aula e chamada","Agenda e aulas","Fazer chamada","Fila ou lista propria","Incluir completo o suficiente para operar","Mobile acao completa","Automacao simples permitida","Agenda"
"Aula e chamada","Agenda e aulas","Confirmar presenca","Dentro de outra tela","Incluir completo o suficiente para operar","Mobile acao completa","Automacao simples permitida","Agenda"
"Aula e chamada","Agenda e aulas","Registrar falta avisada","Dentro de outra tela","Incluir completo o suficiente para operar","Mobile acao completa","Automacao simples permitida","Agenda"
"Aula e chamada","Agenda e aulas","Tratar falta sem aviso","Dentro de outra tela","Incluir completo o suficiente para operar","Mobile acao completa","Automacao simples permitida","Agenda"
"Reposicoes e lista de espera","Agenda e aulas","Receber pedido de reposicao","Dentro de outra tela","Incluir completo o suficiente para operar","Mobile acao completa","Automacao simples permitida","Agenda"
"Reposicoes e lista de espera","Agenda e aulas","Controlar creditos de reposicao","Painel ou relatorio","Incluir completo o suficiente para operar","Mobile parcial","Automacao simples permitida","Agenda"
"Reposicoes e lista de espera","Agenda e aulas","Recuperar vaga aberta","Dentro de outra tela","Incluir completo o suficiente para operar","Mobile parcial","Automacao simples permitida","Agenda"
"Reposicoes e lista de espera","Agenda e aulas","Gerenciar lista de espera","Fila ou lista propria","Incluir completo o suficiente para operar","Mobile acao completa","Automacao simples permitida","Agenda"
"Reposicoes e lista de espera","Agenda e aulas","Alterar horario fixo de aluno","Dentro de outra tela","Incluir completo o suficiente para operar","Mobile acao completa","Manual + sugestao","Agenda"
"Aula e chamada","Agenda e aulas","Cancelar ou alterar aula pelo studio","Dentro de outra tela","Incluir completo o suficiente para operar","Mobile acao completa","Limitada com revisao","Agenda"
"Grade, turmas e eventos","Agenda e aulas","Resolver conflito de capacidade ou excesso de alunos","Dentro de outra tela","Incluir completo o suficiente para operar","Mobile aprovacao/consulta","Automacao simples permitida","Agenda"
"Aula e chamada","Agenda e aulas","Conferir primeira aula do aluno","Fila ou lista propria","Incluir completo o suficiente para operar","Mobile acao completa","Automacao simples permitida","Agenda"
"Grade, turmas e eventos","Agenda e aulas","Gerenciar workshop ou aula especial","Revisao/aprovacao","Incluir completo o suficiente para operar","Mobile aprovacao/consulta","Limitada com revisao","Agenda"
"Movimentacoes financeiras","Financeiro","Criar ou atualizar plano do aluno","Dentro de outra tela","Incluir completo o suficiente para operar","Mobile aprovacao/consulta","Limitada com revisao","Financeiro"
"Financeiro","Financeiro","Revisar visao financeira geral","Painel ou relatorio","Incluir completo o suficiente para operar","Mobile acao completa","Limitada com revisao","Financeiro"
"Pagamentos e cobrancas","Financeiro","Enviar lembrete de vencimento","Dentro de outra tela","Incluir completo o suficiente para operar","Mobile acao completa","Limitada com revisao","Financeiro"
"Pagamentos e cobrancas","Financeiro","Tratar pagamento atrasado","Dentro de outra tela","Incluir completo o suficiente para operar","Mobile acao completa","Limitada com revisao","Financeiro"
"Pagamentos e cobrancas","Financeiro","Enviar Pix ou link de pagamento","Dentro de outra tela","Incluir completo o suficiente para operar","Mobile parcial","Limitada com revisao","Financeiro"
"Pagamentos e cobrancas","Financeiro","Confirmar pagamento recebido","Sem tela propria","Incluir completo o suficiente para operar","Mobile aprovacao/consulta","Limitada com revisao","Financeiro"
"Pagamentos e cobrancas","Financeiro","Conciliar pagamento nao identificado","Fila ou lista propria","Incluir completo o suficiente para operar","Mobile aprovacao/consulta","Limitada com revisao","Financeiro"
"Pagamentos e cobrancas","Financeiro","Tratar pagamento com falha","Dentro de outra tela","Incluir completo o suficiente para operar","Mobile aprovacao/consulta","Limitada com revisao","Financeiro"
"Contratos e documentos financeiros","Financeiro","Emitir ou guardar recibo e nota","Dentro de outra tela","Incluir completo o suficiente para operar","Mobile acao completa","Limitada com revisao","Financeiro"
"Contratos e documentos financeiros","Financeiro","Gerenciar contrato e termos","Dentro de outra tela","Incluir completo o suficiente para operar","Mobile aprovacao/consulta","Limitada com revisao","Financeiro"
"Excecoes financeiras contextuais","Financeiro","Tratar excecao financeira","Sem pagina propria no MVP","Incluir com trava forte","Mobile acao completa","Bloqueada para decisao sensivel","Financeiro"
"Movimentacoes financeiras","Financeiro","Pausar ou congelar plano","Dentro de outra tela","Incluir completo o suficiente para operar","Mobile acao completa","Limitada com revisao","Financeiro"
"Excecoes financeiras contextuais","Financeiro","Bloquear ou liberar acesso do aluno","Sem pagina propria no MVP","Incluir com trava forte","Mobile aprovacao/consulta","Bloqueada para decisao sensivel","Financeiro"
"Excecoes financeiras contextuais","Financeiro","Registrar credito ou cortesia","Sem pagina propria no MVP","Incluir completo o suficiente para operar","Mobile aprovacao/consulta","Limitada com revisao","Financeiro"
"Movimentacoes financeiras","Financeiro","Alterar ou encerrar plano com data correta","Dentro de outra tela","Incluir completo o suficiente para operar","Mobile aprovacao/consulta","Limitada com revisao","Financeiro"
"Financeiro","Financeiro","Fechar financeiro do mes","Painel ou relatorio","Incluir completo o suficiente para operar","Mobile aprovacao/consulta","Limitada com revisao","Financeiro"
"Retencao","Retencao e satisfacao","Revisar painel de retencao","Painel ou relatorio","Incluir completo o suficiente para operar","Mobile acao completa","Automacao simples permitida","Retencao"
"Retencao","Retencao e satisfacao","Identificar queda de frequencia","Dentro de outra tela","Incluir completo o suficiente para operar","Mobile acao completa","Automacao simples permitida","Retencao"
"Retencao","Retencao e satisfacao","Tratar aluno inativo","Dentro de outra tela","Incluir completo o suficiente para operar","Mobile acao completa","Automacao simples permitida","Retencao"
"Retencao","Retencao e satisfacao","Acompanhar retorno de aluno","Dentro de outra tela","Incluir completo o suficiente para operar","Mobile acao completa","Automacao simples permitida","Retencao"
"Cancelamentos e reativacao","Retencao e satisfacao","Identificar risco de cancelamento","Central de casos","Incluir completo o suficiente para operar","Mobile acao completa","Limitada com revisao","Retencao"
"Cancelamentos e reativacao","Retencao e satisfacao","Acompanhar aluno depois do cancelamento","Dentro de outra tela","Incluir completo o suficiente para operar","Mobile acao completa","Limitada com revisao","Retencao"
"Cancelamentos e reativacao","Retencao e satisfacao","Reativar ex-aluno","Revisao/aprovacao","Incluir completo o suficiente para operar","Mobile aprovacao/consulta","Limitada com revisao","Retencao"
"Retencao","Retencao e satisfacao","Checar satisfacao do aluno","Dentro de outra tela","Incluir completo o suficiente para operar","Mobile acao completa","Automacao simples permitida","Retencao"
"Reclamacoes e casos sensiveis","Retencao e satisfacao","Abrir caso de reclamacao","Central de casos","Incluir com trava forte","Mobile acao completa","Bloqueada para decisao sensivel","Retencao"
"Reclamacoes e casos sensiveis","Retencao e satisfacao","Resolver reclamacao e recuperar confianca","Dentro de outra tela","Incluir com trava forte","Mobile acao completa","Bloqueada para decisao sensivel","Retencao"
"Retencao","Retencao e satisfacao","Acompanhar retorno apos pausa","Dentro de outra tela","Incluir completo o suficiente para operar","Mobile acao completa","Automacao simples permitida","Retencao"
"Retencao","Retencao e satisfacao","Segmentar alunos por risco","Painel ou relatorio","Incluir completo o suficiente para operar","Mobile aprovacao/consulta","Automacao simples permitida","Retencao"
"Reclamacoes e casos sensiveis","Retencao e satisfacao","Tratar evento pessoal ou de saude sensivel","Central de casos","Incluir com trava forte","Mobile acao completa","Bloqueada para decisao sensivel","Retencao, Historico do aluno"
"Professor e notas","Historico do aluno","Professor abre contexto da aula","Revisao/aprovacao","Incluir com trava forte","Mobile acao completa","Bloqueada para decisao sensivel","Historico do aluno"
"Professor e notas","Historico do aluno","Adicionar observacao apos a aula","Dentro de outra tela","Incluir com trava forte","Mobile acao completa","Bloqueada para decisao sensivel","Historico do aluno"
"Historico do aluno","Historico do aluno","Registrar restricao ou cuidado","Central de casos","Incluir com trava forte","Mobile acao completa","Bloqueada para decisao sensivel","Historico do aluno"
"Historico do aluno","Historico do aluno","Revisar objetivo e evolucao do aluno","Painel ou relatorio","Incluir com trava forte","Mobile acao completa","Bloqueada para decisao sensivel","Historico do aluno"
"Historico do aluno","Historico do aluno","Guardar documento ou anamnese","Dentro de outra tela","Incluir com trava forte","Mobile acao completa","Bloqueada para decisao sensivel","Historico do aluno"
"Historico do aluno","Historico do aluno","Corrigir informacao do historico","Central de casos","Incluir com trava forte","Mobile aprovacao/consulta","Bloqueada para decisao sensivel","Historico do aluno"
"Professor e notas","Historico do aluno","Fazer passagem de contexto entre professores","Dentro de outra tela","Incluir com trava forte","Mobile acao completa","Bloqueada para decisao sensivel","Historico do aluno"
"Professor e notas","Historico do aluno","Lembrar professor de registrar observacao","Sem tela propria","Incluir com trava forte","Mobile parcial","Bloqueada para decisao sensivel","Historico do aluno"
"Historico do aluno","Historico do aluno","Compartilhar contexto seguro com aluno","Dentro de outra tela","Incluir com trava forte","Mobile acao completa","Bloqueada para decisao sensivel","Historico do aluno"
"Historico do aluno","Historico do aluno","Definir quem pode ver historico do aluno","Configuracao web","Incluir com trava forte","Web primeiro","Bloqueada para decisao sensivel","Historico do aluno"
"Historico do aluno","Historico do aluno","Ver linha do tempo unificada do aluno","Painel ou relatorio","Incluir com trava forte","Mobile acao completa","Bloqueada para decisao sensivel","Historico do aluno"
"Agentes e fluxos","Agentes e automacoes","Configurar agentes incluidos no plano","Configuracao web","Incluir completo o suficiente para operar","Web primeiro","Manual + sugestao","Agente relacionado a validar"
"Agentes e fluxos","Agentes e automacoes","Configurar um agente","Configuracao web","Incluir completo o suficiente para operar","Web primeiro","Manual + sugestao","Agente relacionado a validar"
"Agentes e fluxos","Agentes e automacoes","Configurar um fluxo do agente","Configuracao web","Incluir completo o suficiente para operar","Web primeiro","Manual + sugestao","Agente relacionado a validar"
"Agentes e fluxos","Agentes e automacoes","Simular fluxo antes de ativar","Tela de simulacao","Incluir completo o suficiente para operar","Web primeiro","Manual + sugestao","Gestao do studio"
"Agentes e fluxos","Agentes e automacoes","Ativar ou pausar fluxo","Dentro de outra tela","Incluir completo o suficiente para operar","Web primeiro","Manual + sugestao","Agente relacionado a validar"
"Execucoes e incidentes de agentes","Agentes e automacoes","Revisar execucao de fluxo","Revisao/aprovacao","Incluir completo o suficiente para operar","Web primeiro","Automacao simples permitida","Agente relacionado a validar"
"Agentes e fluxos","Agentes e automacoes","Aprovar ou rejeitar acao sugerida pelo agente","Dentro de outra tela","Incluir completo o suficiente para operar","Mobile acao completa","Manual","Agente relacionado a validar"
"Execucoes e incidentes de agentes","Agentes e automacoes","Revisar desempenho dos agentes","Painel ou relatorio","Incluir completo o suficiente para operar","Web primeiro","Automacao simples permitida","Gestao do studio"
"Execucoes e incidentes de agentes","Agentes e automacoes","Investigar incidente de automacao","Dentro de outra tela","Incluir com trava forte","Web primeiro","Bloqueada para decisao sensivel","Gestao do studio"
"Agentes e fluxos","Agentes e automacoes","Alterar regra operacional","Dentro de outra tela","Incluir com trava forte","Web primeiro","Bloqueada para decisao sensivel","Gestao do studio"
"Execucoes e incidentes de agentes","Agentes e automacoes","Resolver fluxo bloqueado por dado ausente","Dentro de outra tela","Incluir com trava forte","Web primeiro","Bloqueada para decisao sensivel","Gestao do studio"
"Uso, cotas e economia","Agentes e automacoes","Revisar cotas e uso","Painel ou relatorio","Incluir completo o suficiente para operar","Mobile acao completa","Limitada com revisao","Gestao do studio"
"Uso, cotas e economia","Agentes e automacoes","Configurar regras de economia de uso","Configuracao web","Incluir completo o suficiente para operar","Web primeiro","Automacao simples permitida","Gestao do studio"
"Uso, cotas e economia","Agentes e automacoes","Comprar ou solicitar pacote de cota","Dentro de outra tela","Incluir completo o suficiente para operar","Web primeiro","Limitada com revisao","Agente relacionado a validar"
"Assinatura e billing","Administracao e relatorios","Gerenciar assinatura da Taliya","Menu ou subarea propria","Incluir enxuto","Web primeiro","Manual","Agente relacionado a validar"
"Assinatura e billing","Administracao e relatorios","Ver faturas da Taliya","Menu ou subarea propria","Incluir enxuto","Web primeiro","Manual","Agente relacionado a validar"
"Integracoes","Administracao e relatorios","Revisar integracoes","Menu ou subarea propria","Incluir enxuto","Web primeiro","Limitada com revisao","Agente relacionado a validar"
"Integracoes","Administracao e relatorios","Investigar falhas de integracao","Dentro de outra tela","Incluir enxuto","Web primeiro","Limitada com revisao","Gestao do studio"
"Auditoria","Administracao e relatorios","Revisar registro de auditoria","Revisao/aprovacao","Incluir enxuto","Web primeiro","Manual + sugestao","Agente relacionado a validar"
"Relatorios e exportacoes","Administracao e relatorios","Abrir central de relatorios e exportacoes","Painel ou relatorio","Incluir enxuto","Web primeiro","Automacao simples permitida","Agente relacionado a validar"
"Relatorios e exportacoes","Administracao e relatorios","Gerar relatorio financeiro","Painel ou relatorio","Incluir enxuto","Web primeiro","Limitada com revisao","Financeiro"
"Relatorios e exportacoes","Administracao e relatorios","Gerar relatorio de vendas","Painel ou relatorio","Incluir enxuto","Web primeiro","Automacao simples permitida","Vendas"
"Relatorios e exportacoes","Administracao e relatorios","Gerar relatorio de ocupacao e capacidade","Painel ou relatorio","Incluir enxuto","Web primeiro","Automacao simples permitida","Agenda, Gestao do studio"
"Relatorios e exportacoes","Administracao e relatorios","Analisar retorno e qualidade das origens","Painel ou relatorio","Incluir enxuto","Web primeiro","Automacao simples permitida","Vendas"
"Recursos, feriados e disponibilidade","Pontos a decidir","Planejar feriados, recessos e fechamentos","Configuracao web","Incluir com trava forte","Web primeiro","Bloqueada para decisao sensivel","Gestao do studio"
"Recursos, feriados e disponibilidade","Pontos a decidir","Gerenciar salas, equipamentos e recursos","Configuracao web","Incluir enxuto","Web primeiro","Manual","Agenda"
"Recursos, feriados e disponibilidade","Pontos a decidir","Definir disponibilidade dos professores","Configuracao web","Incluir enxuto","Web primeiro","Manual","Agenda"
"Segmentos e comunicados","Pontos a decidir","Criar etiquetas, segmentos e campos personalizados","Configuracao web","Incluir completo o suficiente para operar","Web primeiro","Manual + sugestao","Nao exige agente"
"Jornadas e operacao","Pontos a decidir","Definir preferencias de notificacao por papel","Configuracao web","Incluir completo o suficiente para operar","Web primeiro","Regra simples do sistema","Nao exige agente"
"Jornadas e operacao","Pontos a decidir","Executar checklist de abertura e fechamento do dia","Fila ou lista propria","Incluir completo o suficiente para operar","Mobile acao completa","Automacao simples permitida","Gestao do studio"
"Jornadas e operacao","Pontos a decidir","Tratar problema de disponibilidade do professor","Sem menu proprio","Incluir absorvido por outro fluxo","Mobile aprovacao/consulta","Manual + sugestao","Agenda, Gestao do studio"
"Jornadas e operacao","Pontos a decidir","Tratar impacto de sala ou equipamento indisponivel","Dentro de outra tela","Incluir completo o suficiente para operar","Mobile aprovacao/consulta","Automacao simples permitida","Agenda, Gestao do studio"
"Recursos, feriados e disponibilidade","Pontos a decidir","Tratar impacto de feriado ou recesso nas aulas","Dentro de outra tela","Incluir com trava forte","Web primeiro","Bloqueada para decisao sensivel","Agenda, Gestao do studio"
"Segmentos e comunicados","Pontos a decidir","Enviar comunicado para turma ou alunos","Revisao/aprovacao","Incluir completo o suficiente para operar","Mobile aprovacao/consulta","Limitada com revisao","Atendimento, Gestao do studio"
"Movimentacoes financeiras","Pontos a decidir","Registrar pagamento parcial ou promessa de pagamento","Dentro de outra tela","Incluir completo o suficiente para operar","Mobile acao completa","Limitada com revisao","Financeiro"
"Excecoes financeiras contextuais","Pontos a decidir","Renegociar saldo atrasado","Sem pagina propria no MVP","Incluir enxuto","Mobile aprovacao/consulta","Limitada com revisao","Financeiro"
"Excecoes financeiras contextuais","Pontos a decidir","Tratar reembolso, contestacao ou disputa","Sem pagina propria no MVP","Incluir com trava forte","Mobile aprovacao/consulta","Bloqueada para decisao sensivel","Financeiro"
"Relatorios e exportacoes","Pontos a decidir","Exportar dados financeiros para contabilidade","Revisao/aprovacao","Incluir enxuto","Web primeiro","Limitada com revisao","Financeiro"
"Relatorios e exportacoes","Pontos a decidir","Prever fluxo de caixa","Painel ou relatorio","Incluir enxuto","Mobile aprovacao/consulta","Limitada com revisao","Financeiro, Gestao do studio"
"Retencao","Pontos a decidir","Celebrar marco importante do aluno","Sem menu proprio","Incluir absorvido por outro fluxo","Mobile acao completa","Automacao simples permitida","Retencao"
"Retencao","Pontos a decidir","Acompanhar primeira semana do novo aluno","Fila ou lista propria","Incluir como trava/caso; agente depois","Mobile acao completa","Automacao simples permitida","Retencao"
"Historico do aluno","Pontos a decidir","Validar anamnese, consentimento e contato de emergencia","Dentro de outra tela","Incluir como trava/caso; agente depois","Mobile acao completa","Bloqueada para decisao sensivel","Historico do aluno"
"Retencao","Pontos a decidir","Fazer revisao periodica do aluno","Sem menu proprio","Incluir absorvido por outro fluxo","Mobile parcial","Automacao simples permitida","Historico do aluno"
"Jornadas e operacao","Pontos a decidir","Escalar reclamacao sensivel","Dentro de outra tela","Incluir com trava forte","Mobile acao completa","Bloqueada para decisao sensivel","Retencao"
"Relatorios e exportacoes","Pontos a decidir","Exportar ou fazer backup completo do CRM","Revisao/aprovacao","Incluir enxuto","Web primeiro","Manual com registro de auditoria","Agente relacionado a validar"
"Privacidade e solicitacoes","Pontos a decidir","Exportar, apagar ou anonimizar dados por LGPD","Central de casos","Incluir com trava forte","Mobile aprovacao/consulta","Bloqueada para decisao sensivel","Atendimento"
"Privacidade e solicitacoes","Pontos a decidir","Aprovar acesso do suporte da Taliya","Revisao/aprovacao","Incluir com trava forte","Mobile aprovacao/consulta","Bloqueada para decisao sensivel","Gestao do studio"
"Qualidade de dados","Pontos a decidir","Arquivar ou reativar registro","Dentro de outra tela","Incluir completo o suficiente para operar","Mobile acao completa","Manual","Nao exige agente"
"Segmentos e comunicados","Pontos a decidir","Criar segmento e validar quem pode receber acao em massa","Revisao/aprovacao","Incluir completo o suficiente para operar","Mobile aprovacao/consulta","Limitada com revisao","Retencao, Gestao do studio, Vendas"
