"Menu principal","Grupo","Pagina","Tipo","Casos donos","O que precisa ter","Acoes essenciais","Estados essenciais","Mobile"
"Nao","Entrada","Onboarding e configuracao inicial","Fluxo de ativacao","6","claim da conta paga; perfil do studio; checklist inicial; importacao; duplicidades; convite da equipe; revisao final","continuar setup; importar dados; resolver duplicidade; convidar equipe; abrir CRM","incompleto; bloqueado por dados; importacao com erro; pronto para operar","Setup guiado"
"Sim","Operacao diaria","Hoje","Dashboard operacional","4","prioridades do dia; dinheiro em aberto; fila humana; alertas; gargalos; resumo do dia/semana","abrir caso; delegar tarefa; aprovar acao; ver alerta; ir para origem do problema","sem pendencias; alerta critico; cota perto do limite; dados bloqueando automacao","Sim"
"Sim","Atendimento","Inbox e conversas","Workspace profundo","6","conversas WhatsApp; status; responsavel; aluno/interessado vinculado; resumo; historico; mensagens; anexos","responder; assumir do agente; pedir sugestao; classificar; criar tarefa; abrir caso; registrar opt-out","novo; aguardando humano; agente pausado; sem consentimento; mensagem falhou","Sim"
"Nao","Atendimento","Contatos","Lista herdada/contextual","3","contatos; telefones compartilhados; preferencias de contato; bloqueios; opt-out","editar contato; vincular aluno quando necessario; resolver telefone compartilhado","duplicado; sem permissao; opt-out; dados incompletos","Parcial. Sem modulo proprio de responsaveis/familia/consentimentos no MVP."
"Nao","Operacao","Qualidade de dados","Fila de saneamento","2","duplicidades; dados obrigatorios ausentes; vinculos incorretos; contatos compartilhados; registros arquivados; dados bloqueando fluxo","mesclar; manter separado; corrigir vinculo; arquivar; reativar; desbloquear fluxo; pedir revisao","duplicado; incompleto; conflito; bloqueando automacao; aguardando revisao; resolvido","Aprovacao/consulta"
"Sim","Alunos","Alunos e perfil do aluno","Workspace profundo","0","lista de alunos; perfil; plano; agenda; pagamentos; presencas; reposicoes; riscos; tarefas; timeline resumida","abrir conversa; agendar; alterar plano; criar tarefa; registrar observacao; ver historico permitido","ativo; pausado; inadimplente; risco; dados sensiveis restritos","Sim"
"Nao","Alunos","Historico do aluno","Subarea sensivel","8","linha do tempo; documentos; anamnese; restricoes; objetivos; evolucao; permissoes de visibilidade","adicionar nota; anexar documento; corrigir historico; compartilhar contexto seguro; revisar permissao","sem permissao; dado sensivel; aguardando consentimento; revisao necessaria","Parcial"
"Nao","Alunos","Professor e notas","Tela operacional de professor","4","aulas do professor; contexto permitido; observacoes pendentes; lembretes; handoff entre professores","ver contexto; registrar nota; criar handoff; marcar lembrete","nota pendente; contexto restrito; aula sem chamada","Sim"
"Sim","Agenda","Agenda","Calendario operacional","1","calendario; dia; semana; aulas; conflitos; capacidade; filtros por professor/turma/status","abrir aula; criar aula; alterar horario; ver conflito; abrir reposicao","lotado; vaga aberta; conflito; feriado; professor indisponivel","Sim"
"Nao","Agenda","Grade, turmas e eventos","Configuracao operacional","4","grade semanal; turmas; capacidade; professor; eventos; workshops; recursos quando aplicavel","criar turma; ajustar grade; criar evento; simular impacto; avisar turma","capacidade excedida; recurso indisponivel; feriado/recesso","Consulta"
"Nao","Agenda","Aula e chamada","Tela de execucao","7","alunos da aula; presenca; faltas; no-show; observacoes; creditos gerados; contexto do professor","fazer chamada; corrigir presenca; registrar falta; abrir reposicao; adicionar observacao","chamada pendente; falta avisada; no-show; credito criado","Sim"
"Nao","Agenda","Reposicoes e lista de espera","Fila operacional","5","pedidos de reposicao; creditos; vagas abertas; lista de espera; candidatos para encaixe","encontrar encaixe; reservar vaga; convidar aluno; consumir credito; expirar credito","sem vaga; conflito de horario; aguardando resposta; credito vencido","Sim"
"Sim","Vendas","Interessados e vendas","Pipeline comercial","7","interessados; etapa; origem; proxima acao; conversas; qualificacao; objeções; follow-up","cadastrar lead; qualificar; responder duvida; criar follow-up; marcar perdido; converter","novo; quente; sem resposta; sem vaga; perdido","Parcial"
"Nao","Vendas","Aulas experimentais","Agenda comercial","4","experimentais agendadas; lembretes; faltas; pos-aula; remarques; professor relacionado","agendar; enviar lembrete; remarcar; fazer pos-aula; converter","agendada; lembrete enviado; faltou; concluiu; converter agora","Sim"
"Nao","Vendas","Matriculas","Checklist de conversao","2","pre-matricula; dados obrigatorios; plano; contrato; pagamento; primeira aula","criar pre-matricula; validar dados; converter aluno; gerar tarefas","faltando dado; aguardando pagamento; pronto para aluno","Consulta"
"Nao","Vendas","Vendas e origens","Painel acionavel","3","origens; indicacoes; beneficios; demanda sem vaga; qualidade das fontes; segmentos comerciais","ver origem; criar segmento; revisar indicacao; abrir lista de espera","origem ruim; campanha sem dono; demanda reprimida","Consulta"
"Sim","Financeiro","Financeiro","Visao geral","2","receita prevista; recebido; atrasado; falhas; excecoes; dinheiro em aberto; indicadores do mes","abrir cobranca; ver pagamento; abrir excecao; exportar; ver fechamento","normal; atraso alto; conciliacao pendente; cota/automacao bloqueada","Consulta"
"Nao","Financeiro","Pagamentos e cobrancas","Fila financeira","6","pagamentos; vencimentos; atrasos; Pix/link; conciliacao; falhas; comprovantes","enviar lembrete; enviar link; confirmar; conciliar; criar promessa; abrir caso","aberto; pago; atrasado; falhou; sem identificacao","Parcial"
"Nao","Financeiro","Excecoes financeiras contextuais","Sem pagina propria no MVP","9","excecoes; pausa; congelamento; bloqueio/liberacao; cortesia; acordos; disputas; reembolsos; alteracao de plano","resolver via Financeiro; Movimentacoes; Aprovacoes; Tarefas; Aluno ou Operacao; simular impacto; aprovar; rejeitar; registrar motivo; auditar","aguardando aprovacao; risco alto; acordo ativo; disputa","Aprovacao"
"Nao","Financeiro","Contratos e documentos financeiros","Documentos","2","contratos; termos; recibos; notas; status de assinatura/envio","enviar; reenviar; anexar; baixar; auditar","pendente; enviado; assinado; vencido","Consulta"
"Sim","Retencao","Retencao","Painel e fila","10","riscos; queda de frequencia; inativos; retorno; primeira semana; satisfacao; marcos","criar tarefa; preparar mensagem; abrir caso; segmentar risco; acompanhar retorno","risco baixo/medio/alto; novo aluno; inativo; retorno pendente","Parcial"
"Nao","Retencao","Cancelamentos e reativacao","Central de relacionamento","3","risco de cancelamento; cancelamentos; pos-cancelamento; ex-alunos; reativacao","abrir plano de salvamento; registrar motivo; acompanhar pos-cancelamento; iniciar reativacao","risco; cancelado; ex-aluno elegivel; nao contatar","Parcial"
"Nao","Retencao","Reclamacoes e casos sensiveis","Central de caso sensivel","3","reclamacoes; severidade; dono; prazo; automacoes pausadas; resolucao; recuperacao de confianca","classificar; pausar automacao; escalar; responder; resolver; acompanhar recuperacao","novo; severo; aguardando dono; resolvido; confiança nao recuperada","Aprovacao"
"Sim","Operacao","Jornadas e operacao","Central operacional em mapa de jornadas","8","jornadas por etapa; casos; incidentes; alertas; dados bloqueando fluxo; problemas de integracao; comunicados operacionais","abrir caso; atribuir; mover etapa; pausar fluxo; corrigir dado; reprocessar; fechar","aberto; bloqueado; aguardando humano; incidente; resolvido","Sim"
"Nao","Operacao","Tarefas e operacao","Fila de tarefas","3","tarefas por dono; prazo; origem; caso vinculado; prioridade; SLA/prazo combinado","assumir; delegar; concluir; comentar; reagendar","atrasada; sem dono; aguardando aluno; concluida","Sim"
"Nao","Operacao","Aprovacoes","Fila de decisoes","0","acoes sugeridas; antes/depois; risco; custo; mensagem; impacto; quem pediu","aprovar; editar; rejeitar; pedir mais dados; executar","pendente; editada; aprovada; rejeitada; expirada","Sim"
"Sim","Agentes","Agentes e fluxos","Configuracao de agentes","7","agentes ativos; fluxos; modo manual/sugestao/automatico; regras; limites; templates","ativar; pausar; configurar; simular; editar regra; ver execucoes","bloqueado por plano; pausado; ativo; sem dados","Configuracao essencial"
"Nao","Agentes","Execucoes e incidentes de agentes","Observabilidade","4","execucoes; resultado; custo; ferramenta usada; erro; incidente; correcao; auditoria","explicar falha; abrir incidente; corrigir dado; reexecutar quando seguro; pausar fluxo","sucesso; aguardando aprovacao; bloqueado; falhou; incidente","Alerta"
"Sim","Uso","Uso, cotas e economia","Governanca de custo","3","cota usada; restante; origem do custo; alertas; modo economia; pacote extra; limite por fluxo","ver consumo; ajustar economia; comprar pacote; pausar baixa prioridade","70%; 90%; 100%; pacote ativo; automacao convertida em tarefa","Consulta"
"Sim","Relatorios","Relatorios e exportacoes","Paineis enxutos","8","financeiro; vendas; ocupacao; origens; exportacoes; backup; contabilidade; previsao de caixa enxuta","filtrar; exportar; agendar relatorio; abrir casos relacionados","sem dados; exportando; pronto; sem permissao","Consulta"
"Sim","Configuracoes","Configuracoes","Configuracao web","7","studio; equipe; permissoes; canais; respostas; agenda; financeiro; vendas; retencao; privacidade; campos; notificacoes","editar; testar; salvar; ver impacto; auditar","incompleto; sem permissao; mudanca sensivel; salvo","Configuracao essencial"
"Nao","Configuracoes","Politicas operacionais","Regras versionadas","0","politicas de falta; reposicao; cancelamento; comunicacao; financeiro; data de vigencia; simulacao","criar versao; simular impacto; aprovar; publicar; reverter","rascunho; aguardando aprovacao; ativa; revertida","Nao"
"Nao","Configuracoes","Recursos, feriados e disponibilidade","Configuracao enxuta","4","salas; equipamentos; feriados; recessos; disponibilidade de professor; impacto na agenda","criar fechamento; bloquear recurso; simular aulas afetadas; avisar envolvidos","fechado; recurso indisponivel; professor indisponivel; impacto pendente","Consulta"
"Nao","Vendas/Retencao","Segmentos e comunicados","Acao em massa controlada","3","segmentos; elegibilidade; publico; template; consentimento; custo; aprovacao; status de envio","criar segmento; validar publico; aprovar envio; acompanhar falhas","publico invalido; sem consentimento; aguardando aprovacao; enviado","Aprovacao"
"Nao","Administracao","Integracoes","Administracao tecnica enxuta","2","WhatsApp; pagamentos; importacao; status; logs; falhas; ultima sincronizacao","conectar; testar; ver log; reprocessar; abrir incidente","conectado; falhou; aguardando provedor; erro recorrente","Nao"
"Nao","Administracao","Auditoria","Trilha de seguranca","1","quem mudou; o que mudou; antes/depois; origem; objeto; horario; risco","filtrar; abrir objeto; exportar quando permitido","sem permissao; evento sensivel; alteracao critica","Consulta"
"Nao","Administracao","Privacidade e solicitacoes","Governanca sensivel","4","pedidos LGPD; opt-out; exportar/apagar/anonimizar; acesso do suporte; consentimentos","validar identidade; aprovar; executar; negar; auditar; expirar acesso","pendente; validando; executado; negado; acesso ativo","Aprovacao"
"Nao","Administracao","Assinatura e billing","Administracao enxuta","2","plano Taliya; faturas; add-ons; pacote de cota; status de pagamento","ver fatura; abrir portal; comprar pacote; atualizar plano","ativo; vencido; falha; pacote ativo","Consulta"
