"Area","O que o gestor quer fazer","Importancia sugerida","Situacao agora","Como deve aparecer no produto","Risco para o studio","Uso no celular","WhatsApp","Tema principal","Onde aparece","Forma de uso","Agente ajuda em"
"Configuracao inicial","Acessar a conta paga do studio","Essencial ou quase essencial (validar ordem)","Candidato para revisao","Tela com formulario","Baixo","Melhor no computador","Nao depende do WhatsApp","Conta do studio","CRM web","Manual","Nao exige agente"
"Configuracao inicial","Completar o perfil do studio","Essencial ou quase essencial (validar ordem)","Candidato para revisao","Tela com formulario","Baixo","Melhor no computador","Nao depende do WhatsApp","Dados do studio","CRM web","Manual ou com sugestao do agente","Nao exige agente"
"Configuracao inicial","Concluir a lista de configuracao inicial","Essencial ou quase essencial (validar ordem)","Candidato para revisao","Lista ou fila de trabalho","Baixo","Melhor no computador","Nao depende do WhatsApp","Configuracao inicial","CRM web","Manual, com sugestao ou automatico com limites","Gestao do studio"
"Configuracao inicial","Importar os primeiros dados","Essencial ou quase essencial (validar ordem)","Candidato para revisao","Tela com formulario","Baixo","Melhor no computador","Nao depende do WhatsApp","Importacao de dados","CRM web","Manual, com sugestao ou automatico com limites","Gestao do studio"
"Configuracao inicial","Resolver contatos ou alunos duplicados na importacao","Essencial ou quase essencial (validar ordem)","Candidato para revisao","Lista ou fila de trabalho","Baixo","Melhor no computador","Nao depende do WhatsApp","Contato","CRM web","Manual ou com sugestao do agente","Atendimento, Gestao do studio"
"Configuracao inicial","Convidar membros da equipe","Essencial ou quase essencial (validar ordem)","Candidato para revisao","Tela com formulario","Baixo","Melhor no computador","Nao depende do WhatsApp","Equipe e acesso","CRM web","Manual","Nao exige agente"
"Configuracao inicial","Definir papeis e permissoes da equipe","Essencial ou quase essencial (validar ordem)","Candidato para revisao","Configuracao","Alto","Melhor no computador","Nao depende do WhatsApp","Equipe e acesso","CRM web","Manual ou com sugestao do agente","Historico do aluno, Gestao do studio"
"Configuracao inicial","Conectar WhatsApp e outros canais","Essencial ou quase essencial (validar ordem)","Candidato para revisao","Configuracao","Medio","Melhor no computador","Nao depende do WhatsApp","Canais conectados","CRM web","Manual, com sugestao ou automatico com limites","Atendimento, Integracoes"
"Configuracao inicial","Configurar modelos de resposta e perguntas frequentes","Essencial ou quase essencial (validar ordem)","Candidato para revisao","Configuracao","Baixo","Melhor no computador","Nao depende do WhatsApp","Respostas prontas","CRM web","Manual ou com sugestao do agente","Atendimento"
"Configuracao inicial","Configurar regras da agenda","Essencial ou quase essencial (validar ordem)","Candidato para revisao","Configuracao","Alto","Melhor no computador","Nao depende do WhatsApp","Regras de agenda","CRM web","Manual ou com sugestao do agente","Agenda"
"Configuracao inicial","Configurar planos e regras financeiras","Essencial ou quase essencial (validar ordem)","Candidato para revisao","Configuracao","Medio","Melhor no computador","Nao depende do WhatsApp","Planos do studio","CRM web","Manual ou com sugestao do agente","Financeiro"
"Configuracao inicial","Configurar privacidade e preferencias de contato","Essencial ou quase essencial (validar ordem)","Candidato para revisao","Configuracao","Alto","Melhor no computador","Nao depende do WhatsApp","Privacidade","CRM web","Manual ou com sugestao do agente","Atendimento"
"Configuracao inicial","Configurar regras operacionais do studio","Essencial ou quase essencial (validar ordem)","Candidato para revisao","Tela propria","Alto","Melhor no computador","Nao depende do WhatsApp","Regras operacionais","CRM web","Manual ou com sugestao do agente","Gestao do studio"
"Rotina diaria","Abrir as prioridades do dia","Essencial ou quase essencial (validar ordem)","Candidato para revisao","Painel ou relatorio","Baixo","Tambem no celular","Nao depende do WhatsApp","Prioridades do dia","CRM web e app","Manual, com sugestao ou automatico com limites","Gestao do studio"
"Rotina diaria","Ver oportunidades de receita em aberto","Essencial ou quase essencial (validar ordem)","Candidato para revisao","Painel ou relatorio","Baixo","Celular para revisar ou aprovar","Nao depende do WhatsApp","Receita em aberto","CRM web","Manual, com sugestao ou automatico com limites","Gestao do studio"
"Rotina diaria","Ver fila que precisa de atendimento humano","Essencial ou quase essencial (validar ordem)","Candidato para revisao","Lista ou fila de trabalho","Baixo","Celular para parte do fluxo","Nao depende do WhatsApp","Caso operacional","CRM web e app","Manual, com sugestao ou automatico com limites","Gestao do studio"
"Rotina diaria","Acompanhar tarefas por responsavel e prazo","Essencial ou quase essencial (validar ordem)","Candidato para revisao","Lista ou fila de trabalho","Baixo","Celular para parte do fluxo","Nao depende do WhatsApp","Tarefa","CRM web e app","Manual, com sugestao ou automatico com limites","Agente relacionado a validar"
"Rotina diaria","Delegar uma tarefa ou caso","Essencial ou quase essencial (validar ordem)","Candidato para revisao","Botao ou painel dentro de outra tela","Baixo","Tambem no celular","Nao depende do WhatsApp","Tarefa","CRM web e app","Manual ou com sugestao do agente","Agente relacionado a validar"
"Rotina diaria","Encerrar casos resolvidos","Essencial ou quase essencial (validar ordem)","Candidato para revisao","Botao ou painel dentro de outra tela","Baixo","Tambem no celular","Nao depende do WhatsApp","Caso operacional","CRM web e app","Manual ou com sugestao do agente","Agente relacionado a validar"
"Rotina diaria","Revisar notificacoes e alertas","Essencial ou quase essencial (validar ordem)","Candidato para revisao","Revisao e aprovacao","Baixo","Celular para parte do fluxo","Nao depende do WhatsApp","Notificacao","CRM web e app","Manual, com sugestao ou automatico com limites","Agente relacionado a validar"
"Rotina diaria","Encontrar gargalos da operacao","Essencial ou quase essencial (validar ordem)","Candidato para revisao","Painel ou relatorio","Baixo","Celular para revisar ou aprovar","Nao depende do WhatsApp","Gargalo operacional","CRM web","Manual, com sugestao ou automatico com limites","Gestao do studio"
"Rotina diaria","Revisar o resumo semanal","Essencial ou quase essencial (validar ordem)","Candidato para revisao","Painel ou relatorio","Baixo","Celular para parte do fluxo","Nao depende do WhatsApp","Resumo semanal","CRM web e app","Manual, com sugestao ou automatico com limites","Gestao do studio"
"Rotina diaria","Ver problemas de dados ou configuracao","Essencial ou quase essencial (validar ordem)","Candidato para revisao","Lista ou fila de trabalho","Alto","Celular para revisar ou aprovar","Nao depende do WhatsApp","Problema de dados","CRM web","Manual, com sugestao ou automatico com limites","Gestao do studio"
"Atendimento e contatos","Atender uma nova conversa do WhatsApp","Essencial ou quase essencial (validar ordem)","Candidato para revisao","Acao automatica ou de bastidor","Medio","Tambem no celular","Pode envolver WhatsApp","Conversa","","Manual, com sugestao ou automatico com limites","Atendimento"
"Atendimento e contatos","Responder pedido de aluno atual","Essencial ou quase essencial (validar ordem)","Candidato para revisao","Botao ou painel dentro de outra tela","Baixo","Tambem no celular","Pode envolver WhatsApp","Conversa","","Manual, com sugestao ou automatico com limites","Atendimento"
"Atendimento e contatos","Resolver pergunta sem resposta pronta","Essencial ou quase essencial (validar ordem)","Candidato para revisao","Botao ou painel dentro de outra tela","Baixo","Tambem no celular","Pode envolver WhatsApp","Conversa","","Manual, com sugestao ou automatico com limites","Atendimento"
"Atendimento e contatos","Assumir conversa no lugar do agente","Essencial ou quase essencial (validar ordem)","Candidato para revisao","Botao ou painel dentro de outra tela","Baixo","Tambem no celular","Pode envolver WhatsApp","Conversa","","Manual ou com sugestao do agente","Atendimento"
"Atendimento e contatos","Registrar preferencia ou bloqueio de contato","Essencial ou quase essencial (validar ordem)","Candidato para revisao","Acao automatica ou de bastidor","Baixo","Celular para parte do fluxo","Pode envolver WhatsApp","Contato","","Manual, com sugestao ou automatico com limites","Atendimento"
"Atendimento e contatos","Organizar grupo, telefone compartilhado ou familia","Essencial ou quase essencial (validar ordem)","Candidato para revisao","Botao ou painel dentro de outra tela","Baixo","Tambem no celular","Pode envolver WhatsApp","Conversa","","Manual, com sugestao ou automatico com limites","Atendimento"
"Atendimento e contatos","Atualizar dados de contato com seguranca","Essencial ou quase essencial (validar ordem)","Candidato para revisao","Botao ou painel dentro de outra tela","Baixo","Tambem no celular","Nao depende do WhatsApp","Contato","CRM web e app","Manual ou com sugestao do agente","Atendimento"
"Atendimento e contatos","Confirmar permissao do responsavel","Essencial ou quase essencial (validar ordem)","Candidato para revisao","Botao ou painel dentro de outra tela","Alto","Tambem no celular","Nao depende do WhatsApp","Responsavel","CRM web e app","Manual ou com sugestao do agente","Atendimento, Historico do aluno"
"Atendimento e contatos","Classificar midia, comprovante, documento ou audio","Essencial ou quase essencial (validar ordem)","Candidato para revisao","Botao ou painel dentro de outra tela","Baixo","Tambem no celular","Pode envolver WhatsApp","Mensagem","","Manual, com sugestao ou automatico com limites","Atendimento"
"Atendimento e contatos","Resolver contato ou aluno duplicado","Essencial ou quase essencial (validar ordem)","Candidato para revisao","Lista ou fila de trabalho","Baixo","Celular para revisar ou aprovar","Nao depende do WhatsApp","Contato","CRM web","Manual ou com sugestao do agente","Atendimento"
"Atendimento e contatos","Atender pedido de privacidade ou dados","Essencial ou quase essencial (validar ordem)","Candidato para revisao","Tela de caso para resolver","Alto","Celular para revisar ou aprovar","Nao depende do WhatsApp","Pedido de privacidade","CRM web","Manual ou com sugestao do agente","Atendimento"
"Atendimento e contatos","Reabrir conversa parada ou atrasada","Essencial ou quase essencial (validar ordem)","Candidato para revisao","Botao ou painel dentro de outra tela","Baixo","Tambem no celular","Talvez envolva WhatsApp","Conversa","CRM web e app","Manual, com sugestao ou automatico com limites","Atendimento"
"Vendas e matriculas","Capturar interessado vindo de varios canais","Essencial ou quase essencial (validar ordem)","Candidato para revisao","Tela propria","Baixo","Celular para revisar ou aprovar","Nao depende do WhatsApp","Interessado","CRM web","Manual, com sugestao ou automatico com limites","Vendas"
"Vendas e matriculas","Cadastrar interessado manualmente","Essencial ou quase essencial (validar ordem)","Candidato para revisao","Tela com formulario","Baixo","Celular para parte do fluxo","Nao depende do WhatsApp","Interessado","CRM web e app","Manual ou com sugestao do agente","Vendas"
"Vendas e matriculas","Analisar origem dos interessados","Essencial ou quase essencial (validar ordem)","Candidato para revisao","Painel ou relatorio","Baixo","Celular para revisar ou aprovar","Nao depende do WhatsApp","Origem de vendas","CRM web","Manual, com sugestao ou automatico com limites","Vendas"
"Vendas e matriculas","Qualificar pessoa interessada","Essencial ou quase essencial (validar ordem)","Candidato para revisao","Botao ou painel dentro de outra tela","Baixo","Tambem no celular","Nao depende do WhatsApp","Interessado","CRM web e app","Manual, com sugestao ou automatico com limites","Vendas"
"Vendas e matriculas","Responder duvida sobre preco ou plano","Essencial ou quase essencial (validar ordem)","Candidato para revisao","Botao ou painel dentro de outra tela","Baixo","Tambem no celular","Pode envolver WhatsApp","Conversa","","Manual, com sugestao ou automatico com limites","Vendas"
"Vendas e matriculas","Agendar aula experimental","Essencial ou quase essencial (validar ordem)","Candidato para revisao","Revisao e aprovacao","Baixo","Celular para parte do fluxo","Pode envolver WhatsApp","Aula experimental","","Manual, com sugestao ou automatico com limites","Agenda, Vendas"
"Vendas e matriculas","Enviar lembrete da aula experimental","Essencial ou quase essencial (validar ordem)","Candidato para revisao","Botao ou painel dentro de outra tela","Baixo","Tambem no celular","Pode envolver WhatsApp","Aula experimental","","Manual, com sugestao ou automatico com limites","Vendas"
"Vendas e matriculas","Remarcar falta na aula experimental","Essencial ou quase essencial (validar ordem)","Candidato para revisao","Botao ou painel dentro de outra tela","Baixo","Tambem no celular","Pode envolver WhatsApp","Aula experimental","","Manual, com sugestao ou automatico com limites","Agenda"
"Vendas e matriculas","Fazer acompanhamento depois da experimental","Essencial ou quase essencial (validar ordem)","Candidato para revisao","Botao ou painel dentro de outra tela","Baixo","Tambem no celular","Pode envolver WhatsApp","Interessado","","Manual, com sugestao ou automatico com limites","Vendas"
"Vendas e matriculas","Manter cadencia de acompanhamento comercial","Essencial ou quase essencial (validar ordem)","Candidato para revisao","Acao automatica ou de bastidor","Medio","Celular para revisar ou aprovar","Pode envolver WhatsApp","Interessado","","Manual, com sugestao ou automatico com limites","Vendas"
"Vendas e matriculas","Responder objecoes de venda","Essencial ou quase essencial (validar ordem)","Candidato para revisao","Botao ou painel dentro de outra tela","Baixo","Tambem no celular","Pode envolver WhatsApp","Conversa","","Manual, com sugestao ou automatico com limites","Vendas"
"Vendas e matriculas","Criar pre-matricula","Essencial ou quase essencial (validar ordem)","Candidato para revisao","Tela com formulario","Baixo","Celular para revisar ou aprovar","Nao depende do WhatsApp","Pre-matricula","CRM web","Manual ou com sugestao do agente","Vendas"
"Vendas e matriculas","Recuperar abandono de checkout","Essencial ou quase essencial (validar ordem)","Candidato para revisao","Botao ou painel dentro de outra tela","Baixo","Celular para revisar ou aprovar","Pode envolver WhatsApp","Checkout","","Manual, com sugestao ou automatico com limites","Vendas"
"Vendas e matriculas","Revisar indicacao e beneficio","Essencial ou quase essencial (validar ordem)","Candidato para revisao","Tela com formulario","Baixo","Celular para revisar ou aprovar","Nao depende do WhatsApp","Indicacao","CRM web","Manual ou com sugestao do agente","Vendas"
"Vendas e matriculas","Lidar com demanda sem horario disponivel","Essencial ou quase essencial (validar ordem)","Candidato para revisao","Botao ou painel dentro de outra tela","Baixo","Tambem no celular","Nao depende do WhatsApp","Interessado","CRM web e app","Manual, com sugestao ou automatico com limites","Vendas"
"Vendas e matriculas","Converter interessado em aluno","Essencial ou quase essencial (validar ordem)","Candidato para revisao","Botao ou painel dentro de outra tela","Baixo","Celular para revisar ou aprovar","Nao depende do WhatsApp","Interessado","CRM web","Manual ou com sugestao do agente","Vendas"
"Agenda e aulas","Criar ou ajustar a grade semanal","Essencial ou quase essencial (validar ordem)","Candidato para revisao","Tela com formulario","Baixo","Celular para revisar ou aprovar","Nao depende do WhatsApp","Turma","CRM web","Manual ou com sugestao do agente","Agenda"
"Agenda e aulas","Criar turma","Essencial ou quase essencial (validar ordem)","Candidato para revisao","Tela com formulario","Baixo","Celular para revisar ou aprovar","Nao depende do WhatsApp","Turma","CRM web","Manual ou com sugestao do agente","Agenda"
"Agenda e aulas","Revisar agenda do dia","Essencial ou quase essencial (validar ordem)","Candidato para revisao","Lista ou fila de trabalho","Baixo","Tambem no celular","Nao depende do WhatsApp","Aula","CRM web e app","Manual, com sugestao ou automatico com limites","Agenda"
"Agenda e aulas","Abrir uma aula","Essencial ou quase essencial (validar ordem)","Candidato para revisao","Tela propria","Baixo","Tambem no celular","Nao depende do WhatsApp","Aula","CRM web e app","Manual","Agenda"
"Agenda e aulas","Fazer chamada","Essencial ou quase essencial (validar ordem)","Candidato para revisao","Lista ou fila de trabalho","Baixo","Tambem no celular","Nao depende do WhatsApp","Presenca","CRM web e app","Manual, com sugestao ou automatico com limites","Agenda"
"Agenda e aulas","Confirmar presenca","Essencial ou quase essencial (validar ordem)","Candidato para revisao","Botao ou painel dentro de outra tela","Baixo","Tambem no celular","Pode envolver WhatsApp","Aula","","Manual, com sugestao ou automatico com limites","Agenda"
"Agenda e aulas","Registrar falta avisada","Essencial ou quase essencial (validar ordem)","Candidato para revisao","Botao ou painel dentro de outra tela","Baixo","Tambem no celular","Pode envolver WhatsApp","Presenca","","Manual, com sugestao ou automatico com limites","Agenda"
"Agenda e aulas","Tratar falta sem aviso","Essencial ou quase essencial (validar ordem)","Candidato para revisao","Botao ou painel dentro de outra tela","Baixo","Tambem no celular","Nao depende do WhatsApp","Presenca","CRM web e app","Manual, com sugestao ou automatico com limites","Agenda"
"Agenda e aulas","Receber pedido de reposicao","Essencial ou quase essencial (validar ordem)","Candidato para revisao","Botao ou painel dentro de outra tela","Baixo","Tambem no celular","Pode envolver WhatsApp","Credito de reposicao","","Manual, com sugestao ou automatico com limites","Agenda"
"Agenda e aulas","Controlar creditos de reposicao","Essencial ou quase essencial (validar ordem)","Candidato para revisao","Painel ou relatorio","Baixo","Celular para parte do fluxo","Nao depende do WhatsApp","Credito de reposicao","CRM web e app","Manual, com sugestao ou automatico com limites","Agenda"
"Agenda e aulas","Recuperar vaga aberta","Essencial ou quase essencial (validar ordem)","Candidato para revisao","Botao ou painel dentro de outra tela","Baixo","Celular para parte do fluxo","Pode envolver WhatsApp","Aula","","Manual, com sugestao ou automatico com limites","Agenda"
"Agenda e aulas","Gerenciar lista de espera","Essencial ou quase essencial (validar ordem)","Candidato para revisao","Lista ou fila de trabalho","Baixo","Tambem no celular","Nao depende do WhatsApp","Lista de espera","CRM web e app","Manual, com sugestao ou automatico com limites","Agenda"
"Agenda e aulas","Alterar horario fixo de aluno","Essencial ou quase essencial (validar ordem)","Candidato para revisao","Botao ou painel dentro de outra tela","Baixo","Tambem no celular","Nao depende do WhatsApp","Aluno","CRM web e app","Manual ou com sugestao do agente","Agenda"
"Agenda e aulas","Cancelar ou alterar aula pelo studio","Essencial ou quase essencial (validar ordem)","Candidato para revisao","Botao ou painel dentro de outra tela","Medio","Tambem no celular","Pode envolver WhatsApp","Aula","","Manual ou com sugestao do agente","Agenda"
"Agenda e aulas","Resolver conflito de capacidade ou excesso de alunos","Essencial ou quase essencial (validar ordem)","Candidato para revisao","Botao ou painel dentro de outra tela","Baixo","Celular para revisar ou aprovar","Nao depende do WhatsApp","Turma","CRM web","Manual, com sugestao ou automatico com limites","Agenda"
"Agenda e aulas","Conferir primeira aula do aluno","Essencial ou quase essencial (validar ordem)","Candidato para revisao","Lista ou fila de trabalho","Baixo","Tambem no celular","Nao depende do WhatsApp","Aluno","CRM web e app","Manual, com sugestao ou automatico com limites","Agenda"
"Agenda e aulas","Gerenciar workshop ou aula especial","Essencial ou quase essencial (validar ordem)","Candidato para revisao","Revisao e aprovacao","Medio","Celular para revisar ou aprovar","Nao depende do WhatsApp","Evento ou aula especial","CRM web","Manual, com sugestao ou automatico com limites","Agenda"
"Financeiro","Criar ou atualizar plano do aluno","Essencial ou quase essencial (validar ordem)","Candidato para revisao","Tela com formulario","Medio","Celular para revisar ou aprovar","Nao depende do WhatsApp","Plano do aluno","CRM web","Manual","Financeiro"
"Financeiro","Revisar visao financeira geral","Essencial ou quase essencial (validar ordem)","Candidato para revisao","Painel ou relatorio","Medio","Tambem no celular","Nao depende do WhatsApp","Pagamento","CRM web e app","Manual, com sugestao ou automatico com limites","Financeiro"
"Financeiro","Enviar lembrete de vencimento","Essencial ou quase essencial (validar ordem)","Candidato para revisao","Botao ou painel dentro de outra tela","Medio","Tambem no celular","Pode envolver WhatsApp","Pagamento","","Manual, com sugestao ou automatico com limites","Financeiro"
"Financeiro","Tratar pagamento atrasado","Essencial ou quase essencial (validar ordem)","Candidato para revisao","Botao ou painel dentro de outra tela","Medio","Tambem no celular","Pode envolver WhatsApp","Pagamento","","Manual, com sugestao ou automatico com limites","Financeiro"
"Financeiro","Enviar Pix ou link de pagamento","Essencial ou quase essencial (validar ordem)","Candidato para revisao","Botao ou painel dentro de outra tela","Medio","Celular para parte do fluxo","Pode envolver WhatsApp","Pagamento","","Manual, com sugestao ou automatico com limites","Financeiro"
"Financeiro","Confirmar pagamento recebido","Essencial ou quase essencial (validar ordem)","Candidato para revisao","Acao automatica ou de bastidor","Medio","Celular para revisar ou aprovar","Nao depende do WhatsApp","Pagamento","","M/A","Financeiro"
"Financeiro","Conciliar pagamento nao identificado","Essencial ou quase essencial (validar ordem)","Candidato para revisao","Lista ou fila de trabalho","Medio","Celular para revisar ou aprovar","Nao depende do WhatsApp","Pagamento","CRM web","Manual ou com sugestao do agente","Financeiro"
"Financeiro","Tratar pagamento com falha","Essencial ou quase essencial (validar ordem)","Candidato para revisao","Botao ou painel dentro de outra tela","Medio","Celular para revisar ou aprovar","Pode envolver WhatsApp","Pagamento","","Manual, com sugestao ou automatico com limites","Financeiro"
"Financeiro","Emitir ou guardar recibo e nota","Essencial ou quase essencial (validar ordem)","Candidato para revisao","Botao ou painel dentro de outra tela","Medio","Tambem no celular","Pode envolver WhatsApp","Documento","","Manual, com sugestao ou automatico com limites","Financeiro"
"Financeiro","Gerenciar contrato e termos","Essencial ou quase essencial (validar ordem)","Candidato para revisao","Botao ou painel dentro de outra tela","Medio","Celular para revisar ou aprovar","Pode envolver WhatsApp","Contrato","","Manual, com sugestao ou automatico com limites","Financeiro"
"Financeiro","Tratar excecao financeira","Essencial ou quase essencial (validar ordem)","Candidato para revisao","Tela de caso para resolver","Alto","Tambem no celular","Nao depende do WhatsApp","Caso operacional","CRM web e app","Manual ou com sugestao do agente","Financeiro"
"Financeiro","Pausar ou congelar plano","Essencial ou quase essencial (validar ordem)","Candidato para revisao","Botao ou painel dentro de outra tela","Medio","Tambem no celular","Nao depende do WhatsApp","Plano do aluno","CRM web e app","Manual ou com sugestao do agente","Financeiro"
"Financeiro","Bloquear ou liberar acesso do aluno","Essencial ou quase essencial (validar ordem)","Candidato para revisao","Tela de caso para resolver","Alto","Celular para revisar ou aprovar","Nao depende do WhatsApp","Plano do aluno","CRM web","Manual ou com sugestao do agente","Financeiro"
"Financeiro","Registrar credito ou cortesia","Essencial ou quase essencial (validar ordem)","Candidato para revisao","Tela de caso para resolver","Medio","Celular para revisar ou aprovar","Nao depende do WhatsApp","Beneficio","CRM web","Manual","Financeiro"
"Financeiro","Alterar ou encerrar plano com data correta","Essencial ou quase essencial (validar ordem)","Candidato para revisao","Botao ou painel dentro de outra tela","Medio","Celular para revisar ou aprovar","Nao depende do WhatsApp","Plano do aluno","CRM web","Manual ou com sugestao do agente","Financeiro"
"Financeiro","Fechar financeiro do mes","Essencial ou quase essencial (validar ordem)","Candidato para revisao","Painel ou relatorio","Medio","Celular para revisar ou aprovar","Nao depende do WhatsApp","Relatorio financeiro","CRM web","Manual, com sugestao ou automatico com limites","Financeiro"
"Retencao e satisfacao","Revisar painel de retencao","Essencial ou quase essencial (validar ordem)","Candidato para revisao","Painel ou relatorio","Baixo","Tambem no celular","Nao depende do WhatsApp","Risco de cancelamento","CRM web e app","Manual, com sugestao ou automatico com limites","Retencao"
"Retencao e satisfacao","Identificar queda de frequencia","Essencial ou quase essencial (validar ordem)","Candidato para revisao","Botao ou painel dentro de outra tela","Baixo","Tambem no celular","Pode envolver WhatsApp","Aluno","","Manual, com sugestao ou automatico com limites","Retencao"
"Retencao e satisfacao","Tratar aluno inativo","Essencial ou quase essencial (validar ordem)","Candidato para revisao","Botao ou painel dentro de outra tela","Baixo","Tambem no celular","Pode envolver WhatsApp","Aluno","","Manual, com sugestao ou automatico com limites","Retencao"
"Retencao e satisfacao","Acompanhar retorno de aluno","Essencial ou quase essencial (validar ordem)","Candidato para revisao","Botao ou painel dentro de outra tela","Baixo","Tambem no celular","Pode envolver WhatsApp","Aluno","","Manual, com sugestao ou automatico com limites","Retencao"
"Retencao e satisfacao","Identificar risco de cancelamento","Essencial ou quase essencial (validar ordem)","Candidato para revisao","Tela de caso para resolver","Medio","Tambem no celular","Nao depende do WhatsApp","Caso operacional","CRM web e app","Manual ou com sugestao do agente","Retencao"
"Retencao e satisfacao","Acompanhar aluno depois do cancelamento","Essencial ou quase essencial (validar ordem)","Candidato para revisao","Botao ou painel dentro de outra tela","Medio","Tambem no celular","Pode envolver WhatsApp","Aluno","","Manual, com sugestao ou automatico com limites","Retencao"
"Retencao e satisfacao","Reativar ex-aluno","Essencial ou quase essencial (validar ordem)","Candidato para revisao","Revisao e aprovacao","Medio","Celular para revisar ou aprovar","Pode envolver WhatsApp","Segmento","","Manual ou com sugestao do agente","Retencao"
"Retencao e satisfacao","Checar satisfacao do aluno","Essencial ou quase essencial (validar ordem)","Candidato para revisao","Botao ou painel dentro de outra tela","Baixo","Tambem no celular","Pode envolver WhatsApp","Satisfacao","","Manual, com sugestao ou automatico com limites","Retencao"
"Retencao e satisfacao","Abrir caso de reclamacao","Essencial ou quase essencial (validar ordem)","Candidato para revisao","Tela de caso para resolver","Alto","Tambem no celular","Pode envolver WhatsApp","Reclamacao","","Manual, com sugestao ou automatico com limites","Retencao"
"Retencao e satisfacao","Resolver reclamacao e recuperar confianca","Essencial ou quase essencial (validar ordem)","Candidato para revisao","Botao ou painel dentro de outra tela","Alto","Tambem no celular","Pode envolver WhatsApp","Reclamacao","","Manual ou com sugestao do agente","Retencao"
"Retencao e satisfacao","Acompanhar retorno apos pausa","Essencial ou quase essencial (validar ordem)","Candidato para revisao","Botao ou painel dentro de outra tela","Baixo","Tambem no celular","Pode envolver WhatsApp","Aluno","","Manual, com sugestao ou automatico com limites","Retencao"
"Retencao e satisfacao","Segmentar alunos por risco","Essencial ou quase essencial (validar ordem)","Candidato para revisao","Painel ou relatorio","Baixo","Celular para revisar ou aprovar","Nao depende do WhatsApp","Segmento","CRM web","Manual, com sugestao ou automatico com limites","Retencao"
"Retencao e satisfacao","Tratar evento pessoal ou de saude sensivel","Essencial ou quase essencial (validar ordem)","Candidato para revisao","Tela de caso para resolver","Alto","Tambem no celular","Nao depende do WhatsApp","Caso operacional","CRM web e app","Manual ou com sugestao do agente","Retencao, Historico do aluno"
"Historico do aluno","Professor abre contexto da aula","Importante","Candidato para revisao","Revisao e aprovacao","Alto","Tambem no celular","Nao depende do WhatsApp","Historico do aluno","CRM web e app","Manual, com sugestao ou automatico com limites","Historico do aluno"
"Historico do aluno","Adicionar observacao apos a aula","Importante","Candidato para revisao","Botao ou painel dentro de outra tela","Alto","Tambem no celular","Nao depende do WhatsApp","Registro no historico","CRM web e app","Manual ou com sugestao do agente","Historico do aluno"
"Historico do aluno","Registrar restricao ou cuidado","Importante","Candidato para revisao","Tela de caso para resolver","Alto","Tambem no celular","Nao depende do WhatsApp","Registro no historico","CRM web e app","Manual ou com sugestao do agente","Historico do aluno"
"Historico do aluno","Revisar objetivo e evolucao do aluno","Importante","Candidato para revisao","Painel ou relatorio","Alto","Tambem no celular","Nao depende do WhatsApp","Historico do aluno","CRM web e app","Manual, com sugestao ou automatico com limites","Historico do aluno"
"Historico do aluno","Guardar documento ou anamnese","Importante","Candidato para revisao","Botao ou painel dentro de outra tela","Alto","Tambem no celular","Nao depende do WhatsApp","Documento","CRM web e app","Manual, com sugestao ou automatico com limites","Historico do aluno"
"Historico do aluno","Corrigir informacao do historico","Importante","Candidato para revisao","Tela de caso para resolver","Alto","Celular para revisar ou aprovar","Nao depende do WhatsApp","Registro no historico","CRM web","Manual ou com sugestao do agente","Historico do aluno"
"Historico do aluno","Fazer passagem de contexto entre professores","Importante","Candidato para revisao","Botao ou painel dentro de outra tela","Alto","Tambem no celular","Nao depende do WhatsApp","Tarefa","CRM web e app","Manual, com sugestao ou automatico com limites","Historico do aluno"
"Historico do aluno","Lembrar professor de registrar observacao","Importante","Candidato para revisao","Acao automatica ou de bastidor","Alto","Celular para parte do fluxo","Nao depende do WhatsApp","Tarefa","CRM web e app","Manual, com sugestao ou automatico com limites","Historico do aluno"
"Historico do aluno","Compartilhar contexto seguro com aluno","Importante","Candidato para revisao","Botao ou painel dentro de outra tela","Alto","Tambem no celular","Pode envolver WhatsApp","Historico do aluno","","Manual ou com sugestao do agente","Historico do aluno"
"Historico do aluno","Definir quem pode ver historico do aluno","Importante","Candidato para revisao","Configuracao","Alto","Melhor no computador","Nao depende do WhatsApp","Permissoes","CRM web","Manual, com sugestao ou automatico com limites","Historico do aluno"
"Historico do aluno","Ver linha do tempo unificada do aluno","Importante","Candidato para revisao","Painel ou relatorio","Alto","Tambem no celular","Nao depende do WhatsApp","Historico do aluno","CRM web e app","Manual, com sugestao ou automatico com limites","Historico do aluno"
"Agentes e automacoes","Configurar agentes incluidos no plano","Essencial ou quase essencial (validar ordem)","Candidato para revisao","Configuracao","Baixo","Melhor no computador","Nao depende do WhatsApp","Configuracao de agente","CRM web","Manual ou com sugestao do agente","Agente relacionado a validar"
"Agentes e automacoes","Configurar um agente","Essencial ou quase essencial (validar ordem)","Candidato para revisao","Configuracao","Baixo","Melhor no computador","Nao depende do WhatsApp","Configuracao de agente","CRM web","Manual ou com sugestao do agente","Agente relacionado a validar"
"Agentes e automacoes","Configurar um fluxo do agente","Essencial ou quase essencial (validar ordem)","Candidato para revisao","Configuracao","Baixo","Melhor no computador","Nao depende do WhatsApp","Fluxo de agente","CRM web","Manual ou com sugestao do agente","Agente relacionado a validar"
"Agentes e automacoes","Simular fluxo antes de ativar","Essencial ou quase essencial (validar ordem)","Candidato para revisao","Simulacao antes de ativar","Baixo","Melhor no computador","Nao depende do WhatsApp","Fluxo de agente","CRM web","Manual ou com sugestao do agente","Gestao do studio"
"Agentes e automacoes","Ativar ou pausar fluxo","Essencial ou quase essencial (validar ordem)","Candidato para revisao","Botao ou painel dentro de outra tela","Baixo","Melhor no computador","Nao depende do WhatsApp","Fluxo de agente","CRM web","Manual ou com sugestao do agente","Agente relacionado a validar"
"Agentes e automacoes","Revisar execucao de fluxo","Essencial ou quase essencial (validar ordem)","Candidato para revisao","Revisao e aprovacao","Baixo","Melhor no computador","Nao depende do WhatsApp","Execucao de fluxo","CRM web","Manual, com sugestao ou automatico com limites","Agente relacionado a validar"
"Agentes e automacoes","Aprovar ou rejeitar acao sugerida pelo agente","Essencial ou quase essencial (validar ordem)","Candidato para revisao","Botao ou painel dentro de outra tela","Baixo","Tambem no celular","Nao depende do WhatsApp","Aprovacao","CRM web e app","Manual","Agente relacionado a validar"
"Agentes e automacoes","Revisar desempenho dos agentes","Essencial ou quase essencial (validar ordem)","Candidato para revisao","Painel ou relatorio","Baixo","Melhor no computador","Nao depende do WhatsApp","Desempenho dos agentes","CRM web","Manual, com sugestao ou automatico com limites","Gestao do studio"
"Agentes e automacoes","Investigar incidente de automacao","Essencial ou quase essencial (validar ordem)","Candidato para revisao","Botao ou painel dentro de outra tela","Alto","Melhor no computador","Nao depende do WhatsApp","Incidente de automacao","CRM web","Manual, com sugestao ou automatico com limites","Gestao do studio"
"Agentes e automacoes","Alterar regra operacional","Essencial ou quase essencial (validar ordem)","Candidato para revisao","Botao ou painel dentro de outra tela","Alto","Melhor no computador","Nao depende do WhatsApp","Regras operacionais","CRM web","Manual ou com sugestao do agente","Gestao do studio"
"Agentes e automacoes","Resolver fluxo bloqueado por dado ausente","Essencial ou quase essencial (validar ordem)","Candidato para revisao","Botao ou painel dentro de outra tela","Alto","Melhor no computador","Nao depende do WhatsApp","Problema de dados","CRM web","Manual, com sugestao ou automatico com limites","Gestao do studio"
"Agentes e automacoes","Revisar cotas e uso","Essencial ou quase essencial (validar ordem)","Candidato para revisao","Painel ou relatorio","Medio","Tambem no celular","Nao depende do WhatsApp","Uso e cotas","CRM web e app","Manual, com sugestao ou automatico com limites","Gestao do studio"
"Agentes e automacoes","Configurar regras de economia de uso","Essencial ou quase essencial (validar ordem)","Candidato para revisao","Configuracao","Baixo","Melhor no computador","Nao depende do WhatsApp","Regras de economia","CRM web","Manual, com sugestao ou automatico com limites","Gestao do studio"
"Agentes e automacoes","Comprar ou solicitar pacote de cota","Essencial ou quase essencial (validar ordem)","Candidato para revisao","Botao ou painel dentro de outra tela","Medio","Melhor no computador","Nao depende do WhatsApp","Pacote de cota","CRM web","Manual","Agente relacionado a validar"
"Administracao e relatorios","Gerenciar assinatura da Taliya","Importante, mas pode vir depois","Candidato para revisao","Tela propria","Baixo","Melhor no computador","Nao depende do WhatsApp","Assinatura","CRM web","M/A","Agente relacionado a validar"
"Administracao e relatorios","Ver faturas da Taliya","Importante, mas pode vir depois","Candidato para revisao","Tela propria","Baixo","Melhor no computador","Nao depende do WhatsApp","Recibo ou nota","CRM web","Manual","Agente relacionado a validar"
"Administracao e relatorios","Revisar integracoes","Importante, mas pode vir depois","Candidato para revisao","Tela propria","Medio","Melhor no computador","Nao depende do WhatsApp","Integracao","CRM web","Manual, com sugestao ou automatico com limites","Agente relacionado a validar"
"Administracao e relatorios","Investigar falhas de integracao","Importante, mas pode vir depois","Candidato para revisao","Botao ou painel dentro de outra tela","Medio","Melhor no computador","Nao depende do WhatsApp","Falha de integracao","CRM web","Manual, com sugestao ou automatico com limites","Gestao do studio"
"Administracao e relatorios","Revisar registro de auditoria","Importante, mas pode vir depois","Candidato para revisao","Revisao e aprovacao","Baixo","Melhor no computador","Nao depende do WhatsApp","Auditoria","CRM web","Manual ou com sugestao do agente","Agente relacionado a validar"
"Administracao e relatorios","Abrir central de relatorios e exportacoes","Importante, mas pode vir depois","Candidato para revisao","Painel ou relatorio","Baixo","Melhor no computador","Nao depende do WhatsApp","Relatorio","CRM web","Manual, com sugestao ou automatico com limites","Agente relacionado a validar"
"Administracao e relatorios","Gerar relatorio financeiro","Importante, mas pode vir depois","Candidato para revisao","Painel ou relatorio","Medio","Melhor no computador","Nao depende do WhatsApp","Relatorio","CRM web","Manual, com sugestao ou automatico com limites","Financeiro"
"Administracao e relatorios","Gerar relatorio de vendas","Importante, mas pode vir depois","Candidato para revisao","Painel ou relatorio","Baixo","Melhor no computador","Nao depende do WhatsApp","Relatorio","CRM web","Manual, com sugestao ou automatico com limites","Vendas"
"Administracao e relatorios","Gerar relatorio de ocupacao e capacidade","Importante, mas pode vir depois","Candidato para revisao","Painel ou relatorio","Baixo","Melhor no computador","Nao depende do WhatsApp","Relatorio","CRM web","Manual, com sugestao ou automatico com limites","Agenda, Gestao do studio"
"Administracao e relatorios","Analisar retorno e qualidade das origens","Importante, mas pode vir depois","Candidato para revisao","Painel ou relatorio","Baixo","Melhor no computador","Nao depende do WhatsApp","Relatorio","CRM web","Manual, com sugestao ou automatico com limites","Vendas"
"Pontos a decidir","Planejar feriados, recessos e fechamentos","Provavel essencial","Candidato para revisao","Configuracao","Alto","Melhor no computador","Nao depende do WhatsApp","ClosureCalendar","CRM web","Manual ou com sugestao do agente","Gestao do studio"
"Pontos a decidir","Gerenciar salas, equipamentos e recursos","Provavel importante","Candidato para revisao","Configuracao","Baixo","Melhor no computador","Nao depende do WhatsApp","Sala ou equipamento","CRM web","Manual","Agenda"
"Pontos a decidir","Definir disponibilidade dos professores","Provavel fase posterior","Candidato para revisao","Configuracao","Baixo","Melhor no computador","Nao depende do WhatsApp","Disponibilidade do professor","CRM web","Manual","Agenda"
"Pontos a decidir","Criar etiquetas, segmentos e campos personalizados","Provavel importante","Candidato para revisao","Configuracao","Baixo","Melhor no computador","Nao depende do WhatsApp","Campo personalizado","CRM web","Manual ou com sugestao do agente","Nao exige agente"
"Pontos a decidir","Definir preferencias de notificacao por papel","Provavel importante","Candidato para revisao","Configuracao","Baixo","Melhor no computador","Nao depende do WhatsApp","Preferencia de notificacao","CRM web","M/A","Nao exige agente"
"Pontos a decidir","Executar checklist de abertura e fechamento do dia","Provavel importante","Candidato para revisao","Lista ou fila de trabalho","Baixo","Tambem no celular","Nao depende do WhatsApp","Checklist do dia","CRM web e app","Manual, com sugestao ou automatico com limites","Gestao do studio"
"Pontos a decidir","Tratar problema de disponibilidade do professor","Provavel fase posterior","Candidato para revisao","Botao ou painel dentro de outra tela","Baixo","Celular para revisar ou aprovar","Nao depende do WhatsApp","Caso operacional","CRM web","Manual ou com sugestao do agente","Agenda, Gestao do studio"
"Pontos a decidir","Tratar impacto de sala ou equipamento indisponivel","Provavel importante","Candidato para revisao","Botao ou painel dentro de outra tela","Baixo","Celular para revisar ou aprovar","Nao depende do WhatsApp","Sala ou equipamento","CRM web","Manual, com sugestao ou automatico com limites","Agenda, Gestao do studio"
"Pontos a decidir","Tratar impacto de feriado ou recesso nas aulas","Provavel importante","Candidato para revisao","Botao ou painel dentro de outra tela","Alto","Melhor no computador","Nao depende do WhatsApp","Regras operacionais","CRM web","Manual ou com sugestao do agente","Agenda, Gestao do studio"
"Pontos a decidir","Enviar comunicado para turma ou alunos","Provavel importante","Candidato para revisao","Revisao e aprovacao","Medio","Celular para revisar ou aprovar","Pode envolver WhatsApp","Comunicado","","Manual ou com sugestao do agente","Atendimento, Gestao do studio"
"Pontos a decidir","Registrar pagamento parcial ou promessa de pagamento","Provavel essencial","Candidato para revisao","Tela de caso para resolver","Medio","Tambem no celular","Nao depende do WhatsApp","Acordo financeiro","CRM web e app","Manual, com sugestao ou automatico com limites","Financeiro"
"Pontos a decidir","Renegociar saldo atrasado","Provavel fase posterior","Candidato para revisao","Tela de caso para resolver","Medio","Celular para revisar ou aprovar","Nao depende do WhatsApp","Acordo financeiro","CRM web","Manual ou com sugestao do agente","Financeiro"
"Pontos a decidir","Tratar reembolso, contestacao ou disputa","Provavel importante","Candidato para revisao","Tela de caso para resolver","Alto","Celular para revisar ou aprovar","Nao depende do WhatsApp","Reembolso ou disputa","CRM web","Manual ou com sugestao do agente","Financeiro"
"Pontos a decidir","Exportar dados financeiros para contabilidade","Provavel fase posterior","Candidato para revisao","Revisao e aprovacao","Medio","Melhor no computador","Nao depende do WhatsApp","Exportacao ou backup","CRM web","M/A","Financeiro"
"Pontos a decidir","Prever fluxo de caixa","Provavel fase posterior","Candidato para revisao","Painel ou relatorio","Medio","Celular para revisar ou aprovar","Nao depende do WhatsApp","Fluxo de caixa","CRM web","Manual, com sugestao ou automatico com limites","Financeiro, Gestao do studio"
"Pontos a decidir","Celebrar marco importante do aluno","Provavel fase posterior","Candidato para revisao","Botao ou painel dentro de outra tela","Baixo","Tambem no celular","Pode envolver WhatsApp","Marco do aluno","","Manual, com sugestao ou automatico com limites","Retencao"
"Pontos a decidir","Acompanhar primeira semana do novo aluno","Provavel importante","Candidato para revisao","Lista ou fila de trabalho","Baixo","Tambem no celular","Nao depende do WhatsApp","Aluno","CRM web e app","Manual, com sugestao ou automatico com limites","Retencao"
"Pontos a decidir","Validar anamnese, consentimento e contato de emergencia","Provavel importante","Candidato para revisao","Botao ou painel dentro de outra tela","Alto","Tambem no celular","Nao depende do WhatsApp","Anamnese e consentimento","CRM web e app","Manual, com sugestao ou automatico com limites","Historico do aluno"
"Pontos a decidir","Fazer revisao periodica do aluno","Provavel fase posterior","Candidato para revisao","Acao automatica ou de bastidor","Baixo","Celular para parte do fluxo","Nao depende do WhatsApp","Revisao do aluno","CRM web e app","Manual, com sugestao ou automatico com limites","Historico do aluno"
"Pontos a decidir","Escalar reclamacao sensivel","Provavel essencial","Candidato para revisao","Botao ou painel dentro de outra tela","Alto","Tambem no celular","Nao depende do WhatsApp","Reclamacao","CRM web e app","Manual, com sugestao ou automatico com limites","Retencao"
"Pontos a decidir","Exportar ou fazer backup completo do CRM","Provavel fase posterior","Candidato para revisao","Revisao e aprovacao","Baixo","Melhor no computador","Nao depende do WhatsApp","Exportacao ou backup","CRM web","M/A","Agente relacionado a validar"
"Pontos a decidir","Exportar, apagar ou anonimizar dados por LGPD","Provavel importante","Candidato para revisao","Tela de caso para resolver","Alto","Celular para revisar ou aprovar","Nao depende do WhatsApp","Pedido de privacidade","CRM web","Manual ou com sugestao do agente","Atendimento"
"Pontos a decidir","Aprovar acesso do suporte da Taliya","Provavel importante","Candidato para revisao","Revisao e aprovacao","Alto","Celular para revisar ou aprovar","Nao depende do WhatsApp","Acesso do suporte","CRM web","Manual, com sugestao ou automatico com limites","Gestao do studio"
"Pontos a decidir","Arquivar ou reativar registro","Provavel essencial","Candidato para revisao","Botao ou painel dentro de outra tela","Baixo","Tambem no celular","Nao depende do WhatsApp","Arquivamento","CRM web e app","Manual","Nao exige agente"
"Pontos a decidir","Criar segmento e validar quem pode receber acao em massa","Provavel importante","Candidato para revisao","Revisao e aprovacao","Medio","Celular para revisar ou aprovar","Nao depende do WhatsApp","Segmentacao","CRM web","Manual, com sugestao ou automatico com limites","Retencao, Gestao do studio, Vendas"
