"Area","Caso de uso","Decisao de produto","Profundidade de navegacao","Profundidade de tela","Profundidade de dados","Profundidade de automacao","Profundidade mobile","Profundidade de lancamento","Risco","Agente relacionado","Referencia tecnica"
"Configuracao inicial","Acessar a conta paga do studio","Aceitar para desenho detalhado","Tela propria","Tela funcional","Registro operacional normal","Manual","Web primeiro","Incluir completo o suficiente para operar","Pode ter acao automatica simples se regras, cota e permissao permitirem.","Nao exige agente","MUC-001"
"Configuracao inicial","Completar o perfil do studio","Aceitar para desenho detalhado","Tela propria","Tela funcional","Registro operacional normal","Manual + sugestao","Web primeiro","Incluir completo o suficiente para operar","Pode ter acao automatica simples se regras, cota e permissao permitirem.","Nao exige agente","MUC-002"
"Configuracao inicial","Concluir a lista de configuracao inicial","Aceitar para desenho detalhado","Fila ou lista propria","Tela funcional","Registro operacional normal","Automacao simples permitida","Web primeiro","Incluir completo o suficiente para operar","Pode ter acao automatica simples se regras, cota e permissao permitirem.","Gestao do studio","MUC-003"
"Configuracao inicial","Importar os primeiros dados","Aceitar para desenho detalhado","Tela propria","Tela funcional","Registro operacional normal","Automacao simples permitida","Web primeiro","Incluir completo o suficiente para operar","Pode ter acao automatica simples se regras, cota e permissao permitirem.","Gestao do studio","MUC-004"
"Configuracao inicial","Resolver contatos ou alunos duplicados na importacao","Aceitar para desenho detalhado","Fila ou lista propria","Tela funcional","Registro operacional normal","Manual + sugestao","Web primeiro","Incluir completo o suficiente para operar","Pode ter acao automatica simples se regras, cota e permissao permitirem.","Atendimento, Gestao do studio","MUC-005"
"Configuracao inicial","Convidar membros da equipe","Aceitar para desenho detalhado","Tela propria","Tela funcional","Registro operacional normal","Manual","Web primeiro","Incluir completo o suficiente para operar","Pode ter acao automatica simples se regras, cota e permissao permitirem.","Nao exige agente","MUC-006"
"Configuracao inicial","Definir papeis e permissoes da equipe","Aceitar para desenho detalhado","Configuracao web","Configuracao completa no web","Forte: auditoria, permissao e historico","Bloqueada para decisao sensivel","Web primeiro","Incluir com trava forte","Automacao so pode detectar, alertar, bloquear, criar caso ou preparar revisao humana.","Historico do aluno, Gestao do studio","MUC-007"
"Configuracao inicial","Conectar WhatsApp e outros canais","Aceitar para desenho detalhado","Configuracao web","Configuracao completa no web","Configuracao versionavel quando sensivel","Limitada com revisao","Web primeiro","Incluir completo o suficiente para operar","Automacao limitada; envio externo, dinheiro ou mudanca operacional pede revisao.","Atendimento, Integracoes","MUC-008"
"Configuracao inicial","Configurar modelos de resposta e perguntas frequentes","Aceitar para desenho detalhado","Configuracao web","Configuracao completa no web","Configuracao versionavel quando sensivel","Manual + sugestao","Web primeiro","Incluir completo o suficiente para operar","Pode ter acao automatica simples se regras, cota e permissao permitirem.","Atendimento","MUC-009"
"Configuracao inicial","Configurar regras da agenda","Aceitar para desenho detalhado","Configuracao web","Configuracao completa no web","Forte: auditoria, permissao e historico","Bloqueada para decisao sensivel","Web primeiro","Incluir com trava forte","Automacao so pode detectar, alertar, bloquear, criar caso ou preparar revisao humana.","Agenda","MUC-010"
"Configuracao inicial","Configurar planos e regras financeiras","Aceitar para desenho detalhado","Configuracao web","Configuracao completa no web","Configuracao versionavel quando sensivel","Limitada com revisao","Web primeiro","Incluir completo o suficiente para operar","Automacao limitada; envio externo, dinheiro ou mudanca operacional pede revisao.","Financeiro","MUC-011"
"Configuracao inicial","Configurar privacidade e preferencias de contato","Aceitar para desenho detalhado","Configuracao web","Configuracao completa no web","Forte: auditoria, permissao e historico","Bloqueada para decisao sensivel","Web primeiro","Incluir com trava forte","Automacao so pode detectar, alertar, bloquear, criar caso ou preparar revisao humana.","Atendimento","MUC-012"
"Configuracao inicial","Configurar regras operacionais do studio","Aceitar para desenho detalhado","Menu ou subarea propria","Tela funcional","Forte: auditoria, permissao e historico","Bloqueada para decisao sensivel","Web primeiro","Incluir com trava forte","Automacao so pode detectar, alertar, bloquear, criar caso ou preparar revisao humana.","Gestao do studio","MUC-013"
"Rotina diaria","Abrir as prioridades do dia","Aceitar para desenho detalhado","Painel ou relatorio","Relatorio acionavel","Registro operacional normal","Automacao simples permitida","Mobile acao completa","Incluir completo o suficiente para operar","Pode ter acao automatica simples se regras, cota e permissao permitirem.","Gestao do studio","MUC-014"
"Rotina diaria","Ver oportunidades de receita em aberto","Aceitar para desenho detalhado","Painel ou relatorio","Relatorio acionavel","Derivado: relatorio/visao","Automacao simples permitida","Mobile aprovacao/consulta","Incluir completo o suficiente para operar","Pode ter acao automatica simples se regras, cota e permissao permitirem.","Gestao do studio","MUC-015"
"Rotina diaria","Ver fila que precisa de atendimento humano","Aceitar para desenho detalhado","Fila ou lista propria","Tela funcional","Registro operacional normal","Automacao simples permitida","Mobile parcial","Incluir completo o suficiente para operar","Pode ter acao automatica simples se regras, cota e permissao permitirem.","Gestao do studio","MUC-016"
"Rotina diaria","Acompanhar tarefas por responsavel e prazo","Aceitar para desenho detalhado","Fila ou lista propria","Tela funcional","Registro operacional normal","Automacao simples permitida","Mobile parcial","Incluir completo o suficiente para operar","Pode ter acao automatica simples se regras, cota e permissao permitirem.","Agente relacionado a validar","MUC-017"
"Rotina diaria","Delegar uma tarefa ou caso","Aceitar para desenho detalhado","Dentro de outra tela","Acao contextual","Registro operacional normal","Manual + sugestao","Mobile acao completa","Incluir completo o suficiente para operar","Pode ter acao automatica simples se regras, cota e permissao permitirem.","Agente relacionado a validar","MUC-018"
"Rotina diaria","Encerrar casos resolvidos","Aceitar para desenho detalhado","Dentro de outra tela","Acao contextual","Registro operacional normal","Manual + sugestao","Mobile acao completa","Incluir completo o suficiente para operar","Pode ter acao automatica simples se regras, cota e permissao permitirem.","Agente relacionado a validar","MUC-019"
"Rotina diaria","Revisar notificacoes e alertas","Aceitar para desenho detalhado","Revisao/aprovacao","Revisao com decisao","Registro operacional normal","Automacao simples permitida","Mobile parcial","Incluir completo o suficiente para operar","Pode ter acao automatica simples se regras, cota e permissao permitirem.","Agente relacionado a validar","MUC-020"
"Rotina diaria","Encontrar gargalos da operacao","Aceitar para desenho detalhado","Painel ou relatorio","Relatorio acionavel","Derivado: relatorio/visao","Automacao simples permitida","Mobile aprovacao/consulta","Incluir completo o suficiente para operar","Pode ter acao automatica simples se regras, cota e permissao permitirem.","Gestao do studio","MUC-021"
"Rotina diaria","Revisar o resumo semanal","Aceitar para desenho detalhado","Painel ou relatorio","Relatorio acionavel","Derivado: relatorio/visao","Automacao simples permitida","Mobile parcial","Incluir completo o suficiente para operar","Pode ter acao automatica simples se regras, cota e permissao permitirem.","Gestao do studio","MUC-022"
"Rotina diaria","Ver problemas de dados ou configuracao","Aceitar para desenho detalhado","Fila ou lista propria","Tela funcional","Forte: auditoria, permissao e historico","Bloqueada para decisao sensivel","Mobile aprovacao/consulta","Incluir com trava forte","Automacao so pode detectar, alertar, bloquear, criar caso ou preparar revisao humana.","Gestao do studio","MUC-023"
"Atendimento e contatos","Atender uma nova conversa do WhatsApp","Aceitar para desenho detalhado","Sem tela propria","Bastidor com log","Evento/log","Limitada com revisao","Mobile acao completa","Incluir completo o suficiente para operar","Automacao limitada; envio externo, dinheiro ou mudanca operacional pede revisao.","Atendimento","MUC-024"
"Atendimento e contatos","Responder pedido de aluno atual","Aceitar para desenho detalhado","Dentro de outra tela","Acao contextual","Registro operacional normal","Automacao simples permitida","Mobile acao completa","Incluir completo o suficiente para operar","Pode ter acao automatica simples se regras, cota e permissao permitirem.","Atendimento","MUC-025"
"Atendimento e contatos","Resolver pergunta sem resposta pronta","Aceitar para desenho detalhado","Dentro de outra tela","Acao contextual","Registro operacional normal","Automacao simples permitida","Mobile acao completa","Incluir completo o suficiente para operar","Pode ter acao automatica simples se regras, cota e permissao permitirem.","Atendimento","MUC-026"
"Atendimento e contatos","Assumir conversa no lugar do agente","Aceitar para desenho detalhado","Dentro de outra tela","Acao contextual","Registro operacional normal","Manual + sugestao","Mobile acao completa","Incluir completo o suficiente para operar","Pode ter acao automatica simples se regras, cota e permissao permitirem.","Atendimento","MUC-027"
"Atendimento e contatos","Registrar preferencia ou bloqueio de contato","Aceitar para desenho detalhado","Sem tela propria","Bastidor com log","Evento/log","Automacao simples permitida","Mobile parcial","Incluir completo o suficiente para operar","Pode ter acao automatica simples se regras, cota e permissao permitirem.","Atendimento","MUC-028"
"Atendimento e contatos","Organizar grupo, telefone compartilhado ou familia","Aceitar para desenho detalhado","Dentro de outra tela","Acao contextual","Registro operacional normal","Automacao simples permitida","Mobile acao completa","Incluir completo o suficiente para operar","Pode ter acao automatica simples se regras, cota e permissao permitirem.","Atendimento","MUC-029"
"Atendimento e contatos","Atualizar dados de contato com seguranca","Aceitar para desenho detalhado","Dentro de outra tela","Acao contextual","Registro operacional normal","Manual + sugestao","Mobile acao completa","Incluir completo o suficiente para operar","Pode ter acao automatica simples se regras, cota e permissao permitirem.","Atendimento","MUC-030"
"Atendimento e contatos","Confirmar permissao do responsavel","Aceitar para desenho detalhado","Dentro de outra tela","Acao contextual","Forte: auditoria, permissao e historico","Bloqueada para decisao sensivel","Mobile acao completa","Incluir com trava forte","Automacao so pode detectar, alertar, bloquear, criar caso ou preparar revisao humana.","Atendimento, Historico do aluno","MUC-031"
"Atendimento e contatos","Classificar midia, comprovante, documento ou audio","Aceitar para desenho detalhado","Dentro de outra tela","Acao contextual","Registro operacional normal","Automacao simples permitida","Mobile acao completa","Incluir completo o suficiente para operar","Pode ter acao automatica simples se regras, cota e permissao permitirem.","Atendimento","MUC-032"
"Atendimento e contatos","Resolver contato ou aluno duplicado","Aceitar para desenho detalhado","Fila ou lista propria","Tela funcional","Registro operacional normal","Manual + sugestao","Mobile aprovacao/consulta","Incluir completo o suficiente para operar","Pode ter acao automatica simples se regras, cota e permissao permitirem.","Atendimento","MUC-033"
"Atendimento e contatos","Atender pedido de privacidade ou dados","Aceitar para desenho detalhado","Central de casos","Caso completo","Forte: auditoria, permissao e historico","Bloqueada para decisao sensivel","Mobile aprovacao/consulta","Incluir com trava forte","Automacao so pode detectar, alertar, bloquear, criar caso ou preparar revisao humana.","Atendimento","MUC-034"
"Atendimento e contatos","Reabrir conversa parada ou atrasada","Aceitar para desenho detalhado","Dentro de outra tela","Acao contextual","Registro operacional normal","Automacao simples permitida","Mobile acao completa","Incluir completo o suficiente para operar","Pode ter acao automatica simples se regras, cota e permissao permitirem.","Atendimento","MUC-035"
"Vendas e matriculas","Capturar interessado vindo de varios canais","Aceitar para desenho detalhado","Menu ou subarea propria","Tela funcional","Registro operacional normal","Automacao simples permitida","Mobile aprovacao/consulta","Incluir completo o suficiente para operar","Pode ter acao automatica simples se regras, cota e permissao permitirem.","Vendas","MUC-036"
"Vendas e matriculas","Cadastrar interessado manualmente","Aceitar para desenho detalhado","Tela propria","Tela funcional","Registro operacional normal","Manual + sugestao","Mobile parcial","Incluir completo o suficiente para operar","Pode ter acao automatica simples se regras, cota e permissao permitirem.","Vendas","MUC-037"
"Vendas e matriculas","Analisar origem dos interessados","Aceitar para desenho detalhado","Painel ou relatorio","Relatorio acionavel","Derivado: relatorio/visao","Automacao simples permitida","Mobile aprovacao/consulta","Incluir completo o suficiente para operar","Pode ter acao automatica simples se regras, cota e permissao permitirem.","Vendas","MUC-038"
"Vendas e matriculas","Qualificar pessoa interessada","Aceitar para desenho detalhado","Dentro de outra tela","Acao contextual","Registro operacional normal","Automacao simples permitida","Mobile acao completa","Incluir completo o suficiente para operar","Pode ter acao automatica simples se regras, cota e permissao permitirem.","Vendas","MUC-039"
"Vendas e matriculas","Responder duvida sobre preco ou plano","Aceitar para desenho detalhado","Dentro de outra tela","Acao contextual","Registro operacional normal","Automacao simples permitida","Mobile acao completa","Incluir completo o suficiente para operar","Pode ter acao automatica simples se regras, cota e permissao permitirem.","Vendas","MUC-040"
"Vendas e matriculas","Agendar aula experimental","Aceitar para desenho detalhado","Revisao/aprovacao","Revisao com decisao","Registro operacional normal","Automacao simples permitida","Mobile parcial","Incluir completo o suficiente para operar","Pode ter acao automatica simples se regras, cota e permissao permitirem.","Agenda, Vendas","MUC-041"
"Vendas e matriculas","Enviar lembrete da aula experimental","Aceitar para desenho detalhado","Dentro de outra tela","Acao contextual","Registro operacional normal","Automacao simples permitida","Mobile acao completa","Incluir completo o suficiente para operar","Pode ter acao automatica simples se regras, cota e permissao permitirem.","Vendas","MUC-042"
"Vendas e matriculas","Remarcar falta na aula experimental","Aceitar para desenho detalhado","Dentro de outra tela","Acao contextual","Registro operacional normal","Automacao simples permitida","Mobile acao completa","Incluir completo o suficiente para operar","Pode ter acao automatica simples se regras, cota e permissao permitirem.","Agenda","MUC-043"
"Vendas e matriculas","Fazer acompanhamento depois da experimental","Aceitar para desenho detalhado","Dentro de outra tela","Acao contextual","Registro operacional normal","Automacao simples permitida","Mobile acao completa","Incluir completo o suficiente para operar","Pode ter acao automatica simples se regras, cota e permissao permitirem.","Vendas","MUC-044"
"Vendas e matriculas","Manter cadencia de acompanhamento comercial","Aceitar para desenho detalhado","Sem tela propria","Bastidor com log","Evento/log","Limitada com revisao","Mobile aprovacao/consulta","Incluir completo o suficiente para operar","Automacao limitada; envio externo, dinheiro ou mudanca operacional pede revisao.","Vendas","MUC-045"
"Vendas e matriculas","Responder objecoes de venda","Aceitar para desenho detalhado","Dentro de outra tela","Acao contextual","Registro operacional normal","Automacao simples permitida","Mobile acao completa","Incluir completo o suficiente para operar","Pode ter acao automatica simples se regras, cota e permissao permitirem.","Vendas","MUC-046"
"Vendas e matriculas","Criar pre-matricula","Aceitar para desenho detalhado","Tela propria","Tela funcional","Registro operacional normal","Manual + sugestao","Mobile aprovacao/consulta","Incluir completo o suficiente para operar","Pode ter acao automatica simples se regras, cota e permissao permitirem.","Vendas","MUC-047"
"Vendas e matriculas","Recuperar abandono de checkout","Aceitar para desenho detalhado","Dentro de outra tela","Acao contextual","Registro operacional normal","Automacao simples permitida","Mobile aprovacao/consulta","Incluir completo o suficiente para operar","Pode ter acao automatica simples se regras, cota e permissao permitirem.","Vendas","MUC-048"
"Vendas e matriculas","Revisar indicacao e beneficio","Aceitar para desenho detalhado","Tela propria","Tela funcional","Registro operacional normal","Manual + sugestao","Mobile aprovacao/consulta","Incluir completo o suficiente para operar","Pode ter acao automatica simples se regras, cota e permissao permitirem.","Vendas","MUC-049"
"Vendas e matriculas","Lidar com demanda sem horario disponivel","Aceitar para desenho detalhado","Dentro de outra tela","Acao contextual","Registro operacional normal","Automacao simples permitida","Mobile acao completa","Incluir completo o suficiente para operar","Pode ter acao automatica simples se regras, cota e permissao permitirem.","Vendas","MUC-050"
"Vendas e matriculas","Converter interessado em aluno","Aceitar para desenho detalhado","Dentro de outra tela","Acao contextual","Registro operacional normal","Manual + sugestao","Mobile aprovacao/consulta","Incluir completo o suficiente para operar","Pode ter acao automatica simples se regras, cota e permissao permitirem.","Vendas","MUC-051"
"Agenda e aulas","Criar ou ajustar a grade semanal","Aceitar para desenho detalhado","Tela propria","Tela funcional","Registro operacional normal","Manual + sugestao","Mobile aprovacao/consulta","Incluir completo o suficiente para operar","Pode ter acao automatica simples se regras, cota e permissao permitirem.","Agenda","MUC-052"
"Agenda e aulas","Criar turma","Aceitar para desenho detalhado","Tela propria","Tela funcional","Registro operacional normal","Manual + sugestao","Mobile aprovacao/consulta","Incluir completo o suficiente para operar","Pode ter acao automatica simples se regras, cota e permissao permitirem.","Agenda","MUC-053"
"Agenda e aulas","Revisar agenda do dia","Aceitar para desenho detalhado","Fila ou lista propria","Tela funcional","Registro operacional normal","Automacao simples permitida","Mobile acao completa","Incluir completo o suficiente para operar","Pode ter acao automatica simples se regras, cota e permissao permitirem.","Agenda","MUC-054"
"Agenda e aulas","Abrir uma aula","Aceitar para desenho detalhado","Menu ou subarea propria","Tela funcional","Registro operacional normal","Manual","Mobile acao completa","Incluir completo o suficiente para operar","Pode ter acao automatica simples se regras, cota e permissao permitirem.","Agenda","MUC-055"
"Agenda e aulas","Fazer chamada","Aceitar para desenho detalhado","Fila ou lista propria","Tela funcional","Registro operacional normal","Automacao simples permitida","Mobile acao completa","Incluir completo o suficiente para operar","Pode ter acao automatica simples se regras, cota e permissao permitirem.","Agenda","MUC-056"
"Agenda e aulas","Confirmar presenca","Aceitar para desenho detalhado","Dentro de outra tela","Acao contextual","Registro operacional normal","Automacao simples permitida","Mobile acao completa","Incluir completo o suficiente para operar","Pode ter acao automatica simples se regras, cota e permissao permitirem.","Agenda","MUC-057"
"Agenda e aulas","Registrar falta avisada","Aceitar para desenho detalhado","Dentro de outra tela","Acao contextual","Registro operacional normal","Automacao simples permitida","Mobile acao completa","Incluir completo o suficiente para operar","Pode ter acao automatica simples se regras, cota e permissao permitirem.","Agenda","MUC-058"
"Agenda e aulas","Tratar falta sem aviso","Aceitar para desenho detalhado","Dentro de outra tela","Acao contextual","Registro operacional normal","Automacao simples permitida","Mobile acao completa","Incluir completo o suficiente para operar","Pode ter acao automatica simples se regras, cota e permissao permitirem.","Agenda","MUC-059"
"Agenda e aulas","Receber pedido de reposicao","Aceitar para desenho detalhado","Dentro de outra tela","Acao contextual","Registro operacional normal","Automacao simples permitida","Mobile acao completa","Incluir completo o suficiente para operar","Pode ter acao automatica simples se regras, cota e permissao permitirem.","Agenda","MUC-060"
"Agenda e aulas","Controlar creditos de reposicao","Aceitar para desenho detalhado","Painel ou relatorio","Relatorio acionavel","Registro operacional normal","Automacao simples permitida","Mobile parcial","Incluir completo o suficiente para operar","Pode ter acao automatica simples se regras, cota e permissao permitirem.","Agenda","MUC-061"
"Agenda e aulas","Recuperar vaga aberta","Aceitar para desenho detalhado","Dentro de outra tela","Acao contextual","Registro operacional normal","Automacao simples permitida","Mobile parcial","Incluir completo o suficiente para operar","Pode ter acao automatica simples se regras, cota e permissao permitirem.","Agenda","MUC-062"
"Agenda e aulas","Gerenciar lista de espera","Aceitar para desenho detalhado","Fila ou lista propria","Tela funcional","Registro operacional normal","Automacao simples permitida","Mobile acao completa","Incluir completo o suficiente para operar","Pode ter acao automatica simples se regras, cota e permissao permitirem.","Agenda","MUC-063"
"Agenda e aulas","Alterar horario fixo de aluno","Aceitar para desenho detalhado","Dentro de outra tela","Acao contextual","Registro operacional normal","Manual + sugestao","Mobile acao completa","Incluir completo o suficiente para operar","Pode ter acao automatica simples se regras, cota e permissao permitirem.","Agenda","MUC-064"
"Agenda e aulas","Cancelar ou alterar aula pelo studio","Aceitar para desenho detalhado","Dentro de outra tela","Acao contextual","Registro operacional normal","Limitada com revisao","Mobile acao completa","Incluir completo o suficiente para operar","Automacao limitada; envio externo, dinheiro ou mudanca operacional pede revisao.","Agenda","MUC-065"
"Agenda e aulas","Resolver conflito de capacidade ou excesso de alunos","Aceitar para desenho detalhado","Dentro de outra tela","Acao contextual","Registro operacional normal","Automacao simples permitida","Mobile aprovacao/consulta","Incluir completo o suficiente para operar","Pode ter acao automatica simples se regras, cota e permissao permitirem.","Agenda","MUC-066"
"Agenda e aulas","Conferir primeira aula do aluno","Aceitar para desenho detalhado","Fila ou lista propria","Tela funcional","Registro operacional normal","Automacao simples permitida","Mobile acao completa","Incluir completo o suficiente para operar","Pode ter acao automatica simples se regras, cota e permissao permitirem.","Agenda","MUC-067"
"Agenda e aulas","Gerenciar workshop ou aula especial","Aceitar para desenho detalhado","Revisao/aprovacao","Revisao com decisao","Registro operacional normal","Limitada com revisao","Mobile aprovacao/consulta","Incluir completo o suficiente para operar","Automacao limitada; envio externo, dinheiro ou mudanca operacional pede revisao.","Agenda","MUC-068"
"Financeiro","Criar ou atualizar plano do aluno","Aceitar para desenho detalhado","Tela propria","Tela funcional","Registro operacional normal","Limitada com revisao","Mobile aprovacao/consulta","Incluir completo o suficiente para operar","Automacao limitada; envio externo, dinheiro ou mudanca operacional pede revisao.","Financeiro","MUC-069"
"Financeiro","Revisar visao financeira geral","Aceitar para desenho detalhado","Painel ou relatorio","Relatorio acionavel","Registro operacional normal","Limitada com revisao","Mobile acao completa","Incluir completo o suficiente para operar","Automacao limitada; envio externo, dinheiro ou mudanca operacional pede revisao.","Financeiro","MUC-070"
"Financeiro","Enviar lembrete de vencimento","Aceitar para desenho detalhado","Dentro de outra tela","Acao contextual","Registro operacional normal","Limitada com revisao","Mobile acao completa","Incluir completo o suficiente para operar","Automacao limitada; envio externo, dinheiro ou mudanca operacional pede revisao.","Financeiro","MUC-071"
"Financeiro","Tratar pagamento atrasado","Aceitar para desenho detalhado","Dentro de outra tela","Acao contextual","Registro operacional normal","Limitada com revisao","Mobile acao completa","Incluir completo o suficiente para operar","Automacao limitada; envio externo, dinheiro ou mudanca operacional pede revisao.","Financeiro","MUC-072"
"Financeiro","Enviar Pix ou link de pagamento","Aceitar para desenho detalhado","Dentro de outra tela","Acao contextual","Registro operacional normal","Limitada com revisao","Mobile parcial","Incluir completo o suficiente para operar","Automacao limitada; envio externo, dinheiro ou mudanca operacional pede revisao.","Financeiro","MUC-073"
"Financeiro","Confirmar pagamento recebido","Aceitar para desenho detalhado","Sem tela propria","Bastidor com log","Evento/log","Limitada com revisao","Mobile aprovacao/consulta","Incluir completo o suficiente para operar","Automacao limitada; envio externo, dinheiro ou mudanca operacional pede revisao.","Financeiro","MUC-074"
"Financeiro","Conciliar pagamento nao identificado","Aceitar para desenho detalhado","Fila ou lista propria","Tela funcional","Registro operacional normal","Limitada com revisao","Mobile aprovacao/consulta","Incluir completo o suficiente para operar","Automacao limitada; envio externo, dinheiro ou mudanca operacional pede revisao.","Financeiro","MUC-075"
"Financeiro","Tratar pagamento com falha","Aceitar para desenho detalhado","Dentro de outra tela","Acao contextual","Registro operacional normal","Limitada com revisao","Mobile aprovacao/consulta","Incluir completo o suficiente para operar","Automacao limitada; envio externo, dinheiro ou mudanca operacional pede revisao.","Financeiro","MUC-076"
"Financeiro","Emitir ou guardar recibo e nota","Aceitar para desenho detalhado","Dentro de outra tela","Acao contextual","Registro operacional normal","Limitada com revisao","Mobile acao completa","Incluir completo o suficiente para operar","Automacao limitada; envio externo, dinheiro ou mudanca operacional pede revisao.","Financeiro","MUC-077"
"Financeiro","Gerenciar contrato e termos","Aceitar para desenho detalhado","Dentro de outra tela","Acao contextual","Registro operacional normal","Limitada com revisao","Mobile aprovacao/consulta","Incluir completo o suficiente para operar","Automacao limitada; envio externo, dinheiro ou mudanca operacional pede revisao.","Financeiro","MUC-078"
"Financeiro","Tratar excecao financeira","Aceitar para desenho detalhado","Central de casos","Caso completo","Forte: auditoria, permissao e historico","Bloqueada para decisao sensivel","Mobile acao completa","Incluir com trava forte","Automacao so pode detectar, alertar, bloquear, criar caso ou preparar revisao humana.","Financeiro","MUC-079"
"Financeiro","Pausar ou congelar plano","Aceitar para desenho detalhado","Dentro de outra tela","Acao contextual","Registro operacional normal","Limitada com revisao","Mobile acao completa","Incluir completo o suficiente para operar","Automacao limitada; envio externo, dinheiro ou mudanca operacional pede revisao.","Financeiro","MUC-080"
"Financeiro","Bloquear ou liberar acesso do aluno","Aceitar para desenho detalhado","Central de casos","Caso completo","Forte: auditoria, permissao e historico","Bloqueada para decisao sensivel","Mobile aprovacao/consulta","Incluir com trava forte","Automacao so pode detectar, alertar, bloquear, criar caso ou preparar revisao humana.","Financeiro","MUC-081"
"Financeiro","Registrar credito ou cortesia","Aceitar para desenho detalhado","Central de casos","Caso completo","Registro operacional normal","Limitada com revisao","Mobile aprovacao/consulta","Incluir completo o suficiente para operar","Automacao limitada; envio externo, dinheiro ou mudanca operacional pede revisao.","Financeiro","MUC-082"
"Financeiro","Alterar ou encerrar plano com data correta","Aceitar para desenho detalhado","Dentro de outra tela","Acao contextual","Registro operacional normal","Limitada com revisao","Mobile aprovacao/consulta","Incluir completo o suficiente para operar","Automacao limitada; envio externo, dinheiro ou mudanca operacional pede revisao.","Financeiro","MUC-083"
"Financeiro","Fechar financeiro do mes","Aceitar para desenho detalhado","Painel ou relatorio","Relatorio acionavel","Derivado: relatorio/visao","Limitada com revisao","Mobile aprovacao/consulta","Incluir completo o suficiente para operar","Automacao limitada; envio externo, dinheiro ou mudanca operacional pede revisao.","Financeiro","MUC-084"
"Retencao e satisfacao","Revisar painel de retencao","Aceitar para desenho detalhado","Painel ou relatorio","Relatorio acionavel","Registro operacional normal","Automacao simples permitida","Mobile acao completa","Incluir completo o suficiente para operar","Pode ter acao automatica simples se regras, cota e permissao permitirem.","Retencao","MUC-085"
"Retencao e satisfacao","Identificar queda de frequencia","Aceitar para desenho detalhado","Dentro de outra tela","Acao contextual","Registro operacional normal","Automacao simples permitida","Mobile acao completa","Incluir completo o suficiente para operar","Pode ter acao automatica simples se regras, cota e permissao permitirem.","Retencao","MUC-086"
"Retencao e satisfacao","Tratar aluno inativo","Aceitar para desenho detalhado","Dentro de outra tela","Acao contextual","Registro operacional normal","Automacao simples permitida","Mobile acao completa","Incluir completo o suficiente para operar","Pode ter acao automatica simples se regras, cota e permissao permitirem.","Retencao","MUC-087"
"Retencao e satisfacao","Acompanhar retorno de aluno","Aceitar para desenho detalhado","Dentro de outra tela","Acao contextual","Registro operacional normal","Automacao simples permitida","Mobile acao completa","Incluir completo o suficiente para operar","Pode ter acao automatica simples se regras, cota e permissao permitirem.","Retencao","MUC-088"
"Retencao e satisfacao","Identificar risco de cancelamento","Aceitar para desenho detalhado","Central de casos","Caso completo","Registro operacional normal","Limitada com revisao","Mobile acao completa","Incluir completo o suficiente para operar","Automacao limitada; envio externo, dinheiro ou mudanca operacional pede revisao.","Retencao","MUC-089"
"Retencao e satisfacao","Acompanhar aluno depois do cancelamento","Aceitar para desenho detalhado","Dentro de outra tela","Acao contextual","Registro operacional normal","Limitada com revisao","Mobile acao completa","Incluir completo o suficiente para operar","Automacao limitada; envio externo, dinheiro ou mudanca operacional pede revisao.","Retencao","MUC-090"
"Retencao e satisfacao","Reativar ex-aluno","Aceitar para desenho detalhado","Revisao/aprovacao","Revisao com decisao","Registro operacional normal","Limitada com revisao","Mobile aprovacao/consulta","Incluir completo o suficiente para operar","Automacao limitada; envio externo, dinheiro ou mudanca operacional pede revisao.","Retencao","MUC-091"
"Retencao e satisfacao","Checar satisfacao do aluno","Aceitar para desenho detalhado","Dentro de outra tela","Acao contextual","Registro operacional normal","Automacao simples permitida","Mobile acao completa","Incluir completo o suficiente para operar","Pode ter acao automatica simples se regras, cota e permissao permitirem.","Retencao","MUC-092"
"Retencao e satisfacao","Abrir caso de reclamacao","Aceitar para desenho detalhado","Central de casos","Caso completo","Forte: auditoria, permissao e historico","Bloqueada para decisao sensivel","Mobile acao completa","Incluir com trava forte","Automacao so pode detectar, alertar, bloquear, criar caso ou preparar revisao humana.","Retencao","MUC-093"
"Retencao e satisfacao","Resolver reclamacao e recuperar confianca","Aceitar para desenho detalhado","Dentro de outra tela","Acao contextual","Forte: auditoria, permissao e historico","Bloqueada para decisao sensivel","Mobile acao completa","Incluir com trava forte","Automacao so pode detectar, alertar, bloquear, criar caso ou preparar revisao humana.","Retencao","MUC-094"
"Retencao e satisfacao","Acompanhar retorno apos pausa","Aceitar para desenho detalhado","Dentro de outra tela","Acao contextual","Registro operacional normal","Automacao simples permitida","Mobile acao completa","Incluir completo o suficiente para operar","Pode ter acao automatica simples se regras, cota e permissao permitirem.","Retencao","MUC-095"
"Retencao e satisfacao","Segmentar alunos por risco","Aceitar para desenho detalhado","Painel ou relatorio","Relatorio acionavel","Registro operacional normal","Automacao simples permitida","Mobile aprovacao/consulta","Incluir completo o suficiente para operar","Pode ter acao automatica simples se regras, cota e permissao permitirem.","Retencao","MUC-096"
"Retencao e satisfacao","Tratar evento pessoal ou de saude sensivel","Aceitar para desenho detalhado","Central de casos","Caso completo","Forte: auditoria, permissao e historico","Bloqueada para decisao sensivel","Mobile acao completa","Incluir com trava forte","Automacao so pode detectar, alertar, bloquear, criar caso ou preparar revisao humana.","Retencao, Historico do aluno","MUC-097"
"Historico do aluno","Professor abre contexto da aula","Aceitar para desenho detalhado","Revisao/aprovacao","Revisao com decisao","Forte: auditoria, permissao e historico","Bloqueada para decisao sensivel","Mobile acao completa","Incluir com trava forte","Automacao so pode detectar, alertar, bloquear, criar caso ou preparar revisao humana.","Historico do aluno","MUC-098"
"Historico do aluno","Adicionar observacao apos a aula","Aceitar para desenho detalhado","Dentro de outra tela","Acao contextual","Forte: auditoria, permissao e historico","Bloqueada para decisao sensivel","Mobile acao completa","Incluir com trava forte","Automacao so pode detectar, alertar, bloquear, criar caso ou preparar revisao humana.","Historico do aluno","MUC-099"
"Historico do aluno","Registrar restricao ou cuidado","Aceitar para desenho detalhado","Central de casos","Caso completo","Forte: auditoria, permissao e historico","Bloqueada para decisao sensivel","Mobile acao completa","Incluir com trava forte","Automacao so pode detectar, alertar, bloquear, criar caso ou preparar revisao humana.","Historico do aluno","MUC-100"
"Historico do aluno","Revisar objetivo e evolucao do aluno","Aceitar para desenho detalhado","Painel ou relatorio","Relatorio acionavel","Forte: auditoria, permissao e historico","Bloqueada para decisao sensivel","Mobile acao completa","Incluir com trava forte","Automacao so pode detectar, alertar, bloquear, criar caso ou preparar revisao humana.","Historico do aluno","MUC-101"
"Historico do aluno","Guardar documento ou anamnese","Aceitar para desenho detalhado","Dentro de outra tela","Acao contextual","Forte: auditoria, permissao e historico","Bloqueada para decisao sensivel","Mobile acao completa","Incluir com trava forte","Automacao so pode detectar, alertar, bloquear, criar caso ou preparar revisao humana.","Historico do aluno","MUC-102"
"Historico do aluno","Corrigir informacao do historico","Aceitar para desenho detalhado","Central de casos","Caso completo","Forte: auditoria, permissao e historico","Bloqueada para decisao sensivel","Mobile aprovacao/consulta","Incluir com trava forte","Automacao so pode detectar, alertar, bloquear, criar caso ou preparar revisao humana.","Historico do aluno","MUC-103"
"Historico do aluno","Fazer passagem de contexto entre professores","Aceitar para desenho detalhado","Dentro de outra tela","Acao contextual","Forte: auditoria, permissao e historico","Bloqueada para decisao sensivel","Mobile acao completa","Incluir com trava forte","Automacao so pode detectar, alertar, bloquear, criar caso ou preparar revisao humana.","Historico do aluno","MUC-104"
"Historico do aluno","Lembrar professor de registrar observacao","Aceitar para desenho detalhado","Sem tela propria","Bastidor com log","Forte: auditoria, permissao e historico","Bloqueada para decisao sensivel","Mobile parcial","Incluir com trava forte","Automacao so pode detectar, alertar, bloquear, criar caso ou preparar revisao humana.","Historico do aluno","MUC-105"
"Historico do aluno","Compartilhar contexto seguro com aluno","Aceitar para desenho detalhado","Dentro de outra tela","Acao contextual","Forte: auditoria, permissao e historico","Bloqueada para decisao sensivel","Mobile acao completa","Incluir com trava forte","Automacao so pode detectar, alertar, bloquear, criar caso ou preparar revisao humana.","Historico do aluno","MUC-106"
"Historico do aluno","Definir quem pode ver historico do aluno","Aceitar para desenho detalhado","Configuracao web","Configuracao completa no web","Forte: auditoria, permissao e historico","Bloqueada para decisao sensivel","Web primeiro","Incluir com trava forte","Automacao so pode detectar, alertar, bloquear, criar caso ou preparar revisao humana.","Historico do aluno","MUC-107"
"Historico do aluno","Ver linha do tempo unificada do aluno","Aceitar para desenho detalhado","Painel ou relatorio","Relatorio acionavel","Forte: auditoria, permissao e historico","Bloqueada para decisao sensivel","Mobile acao completa","Incluir com trava forte","Automacao so pode detectar, alertar, bloquear, criar caso ou preparar revisao humana.","Historico do aluno","MUC-108"
"Agentes e automacoes","Configurar agentes incluidos no plano","Aceitar para desenho detalhado","Configuracao web","Configuracao completa no web","Configuracao versionavel quando sensivel","Manual + sugestao","Web primeiro","Incluir completo o suficiente para operar","Pode ter acao automatica simples se regras, cota e permissao permitirem.","Agente relacionado a validar","MUC-109"
"Agentes e automacoes","Configurar um agente","Aceitar para desenho detalhado","Configuracao web","Configuracao completa no web","Configuracao versionavel quando sensivel","Manual + sugestao","Web primeiro","Incluir completo o suficiente para operar","Pode ter acao automatica simples se regras, cota e permissao permitirem.","Agente relacionado a validar","MUC-110"
"Agentes e automacoes","Configurar um fluxo do agente","Aceitar para desenho detalhado","Configuracao web","Configuracao completa no web","Configuracao versionavel quando sensivel","Manual + sugestao","Web primeiro","Incluir completo o suficiente para operar","Pode ter acao automatica simples se regras, cota e permissao permitirem.","Agente relacionado a validar","MUC-111"
"Agentes e automacoes","Simular fluxo antes de ativar","Aceitar para desenho detalhado","Tela de simulacao","Simulacao antes de ativar","Registro operacional normal","Manual + sugestao","Web primeiro","Incluir completo o suficiente para operar","Pode ter acao automatica simples se regras, cota e permissao permitirem.","Gestao do studio","MUC-112"
"Agentes e automacoes","Ativar ou pausar fluxo","Aceitar para desenho detalhado","Dentro de outra tela","Acao contextual","Registro operacional normal","Manual + sugestao","Web primeiro","Incluir completo o suficiente para operar","Pode ter acao automatica simples se regras, cota e permissao permitirem.","Agente relacionado a validar","MUC-113"
"Agentes e automacoes","Revisar execucao de fluxo","Aceitar para desenho detalhado","Revisao/aprovacao","Revisao com decisao","Registro operacional normal","Automacao simples permitida","Web primeiro","Incluir completo o suficiente para operar","Pode ter acao automatica simples se regras, cota e permissao permitirem.","Agente relacionado a validar","MUC-114"
"Agentes e automacoes","Aprovar ou rejeitar acao sugerida pelo agente","Aceitar para desenho detalhado","Dentro de outra tela","Acao contextual","Registro operacional normal","Manual","Mobile acao completa","Incluir completo o suficiente para operar","Pode ter acao automatica simples se regras, cota e permissao permitirem.","Agente relacionado a validar","MUC-115"
"Agentes e automacoes","Revisar desempenho dos agentes","Aceitar para desenho detalhado","Painel ou relatorio","Relatorio acionavel","Derivado: relatorio/visao","Automacao simples permitida","Web primeiro","Incluir completo o suficiente para operar","Pode ter acao automatica simples se regras, cota e permissao permitirem.","Gestao do studio","MUC-116"
"Agentes e automacoes","Investigar incidente de automacao","Aceitar para desenho detalhado","Dentro de outra tela","Acao contextual","Forte: auditoria, permissao e historico","Bloqueada para decisao sensivel","Web primeiro","Incluir com trava forte","Automacao so pode detectar, alertar, bloquear, criar caso ou preparar revisao humana.","Gestao do studio","MUC-117"
"Agentes e automacoes","Alterar regra operacional","Aceitar para desenho detalhado","Dentro de outra tela","Acao contextual","Forte: auditoria, permissao e historico","Bloqueada para decisao sensivel","Web primeiro","Incluir com trava forte","Automacao so pode detectar, alertar, bloquear, criar caso ou preparar revisao humana.","Gestao do studio","MUC-118"
"Agentes e automacoes","Resolver fluxo bloqueado por dado ausente","Aceitar para desenho detalhado","Dentro de outra tela","Acao contextual","Forte: auditoria, permissao e historico","Bloqueada para decisao sensivel","Web primeiro","Incluir com trava forte","Automacao so pode detectar, alertar, bloquear, criar caso ou preparar revisao humana.","Gestao do studio","MUC-119"
"Agentes e automacoes","Revisar cotas e uso","Aceitar para desenho detalhado","Painel ou relatorio","Relatorio acionavel","Registro operacional normal","Limitada com revisao","Mobile acao completa","Incluir completo o suficiente para operar","Automacao limitada; envio externo, dinheiro ou mudanca operacional pede revisao.","Gestao do studio","MUC-120"
"Agentes e automacoes","Configurar regras de economia de uso","Aceitar para desenho detalhado","Configuracao web","Configuracao completa no web","Configuracao versionavel quando sensivel","Automacao simples permitida","Web primeiro","Incluir completo o suficiente para operar","Pode ter acao automatica simples se regras, cota e permissao permitirem.","Gestao do studio","MUC-121"
"Agentes e automacoes","Comprar ou solicitar pacote de cota","Aceitar para desenho detalhado","Dentro de outra tela","Acao contextual","Registro operacional normal","Limitada com revisao","Web primeiro","Incluir completo o suficiente para operar","Automacao limitada; envio externo, dinheiro ou mudanca operacional pede revisao.","Agente relacionado a validar","MUC-122"
"Administracao e relatorios","Gerenciar assinatura da Taliya","Aceitar com profundidade enxuta","Menu ou subarea propria","MVP enxuto","Registro operacional normal","Manual","Web primeiro","Incluir enxuto","Acao manual ligada a assinatura e provedor de pagamento.","Agente relacionado a validar","MUC-123"
"Administracao e relatorios","Ver faturas da Taliya","Aceitar com profundidade enxuta","Menu ou subarea propria","MVP enxuto","Registro operacional normal","Manual","Web primeiro","Incluir enxuto","Pode ter acao automatica simples se regras, cota e permissao permitirem.","Agente relacionado a validar","MUC-124"
"Administracao e relatorios","Revisar integracoes","Aceitar com profundidade enxuta","Menu ou subarea propria","MVP enxuto","Registro operacional normal","Limitada com revisao","Web primeiro","Incluir enxuto","Automacao limitada; envio externo, dinheiro ou mudanca operacional pede revisao.","Agente relacionado a validar","MUC-125"
"Administracao e relatorios","Investigar falhas de integracao","Aceitar com profundidade enxuta","Dentro de outra tela","MVP enxuto","Registro operacional normal","Limitada com revisao","Web primeiro","Incluir enxuto","Automacao limitada; envio externo, dinheiro ou mudanca operacional pede revisao.","Gestao do studio","MUC-126"
"Administracao e relatorios","Revisar registro de auditoria","Aceitar com profundidade enxuta","Revisao/aprovacao","MVP enxuto","Registro operacional normal","Manual + sugestao","Web primeiro","Incluir enxuto","Pode ter acao automatica simples se regras, cota e permissao permitirem.","Agente relacionado a validar","MUC-127"
"Administracao e relatorios","Abrir central de relatorios e exportacoes","Aceitar com profundidade enxuta","Painel ou relatorio","MVP enxuto","Derivado: relatorio/visao","Automacao simples permitida","Web primeiro","Incluir enxuto","Pode ter acao automatica simples se regras, cota e permissao permitirem.","Agente relacionado a validar","MUC-128"
"Administracao e relatorios","Gerar relatorio financeiro","Aceitar com profundidade enxuta","Painel ou relatorio","MVP enxuto","Derivado: relatorio/visao","Limitada com revisao","Web primeiro","Incluir enxuto","Automacao limitada; envio externo, dinheiro ou mudanca operacional pede revisao.","Financeiro","MUC-129"
"Administracao e relatorios","Gerar relatorio de vendas","Aceitar com profundidade enxuta","Painel ou relatorio","MVP enxuto","Derivado: relatorio/visao","Automacao simples permitida","Web primeiro","Incluir enxuto","Pode ter acao automatica simples se regras, cota e permissao permitirem.","Vendas","MUC-130"
"Administracao e relatorios","Gerar relatorio de ocupacao e capacidade","Aceitar com profundidade enxuta","Painel ou relatorio","MVP enxuto","Derivado: relatorio/visao","Automacao simples permitida","Web primeiro","Incluir enxuto","Pode ter acao automatica simples se regras, cota e permissao permitirem.","Agenda, Gestao do studio","MUC-131"
"Administracao e relatorios","Analisar retorno e qualidade das origens","Aceitar com profundidade enxuta","Painel ou relatorio","MVP enxuto","Derivado: relatorio/visao","Automacao simples permitida","Web primeiro","Incluir enxuto","Pode ter acao automatica simples se regras, cota e permissao permitirem.","Vendas","MUC-132"
"Pontos a decidir","Planejar feriados, recessos e fechamentos","Aceitar para desenho detalhado","Configuracao web","Configuracao completa no web","Forte: auditoria, permissao e historico","Bloqueada para decisao sensivel","Web primeiro","Incluir com trava forte","Automacao so pode detectar, alertar, bloquear, criar caso ou preparar revisao humana.","Gestao do studio","AUD-001"
"Pontos a decidir","Gerenciar salas, equipamentos e recursos","Aceitar com profundidade enxuta","Configuracao web","MVP enxuto","Configuracao versionavel quando sensivel","Manual","Web primeiro","Incluir enxuto","Pode ter acao automatica simples se regras, cota e permissao permitirem.","Agenda","AUD-002"
"Pontos a decidir","Definir disponibilidade dos professores","Aceitar com profundidade enxuta","Configuracao web","MVP enxuto","Configuracao versionavel quando sensivel","Manual","Web primeiro","Incluir enxuto","Pode ter acao automatica simples se regras, cota e permissao permitirem.","Agenda","AUD-003"
"Pontos a decidir","Criar etiquetas, segmentos e campos personalizados","Aceitar para desenho detalhado","Configuracao web","Configuracao completa no web","Configuracao versionavel quando sensivel","Manual + sugestao","Web primeiro","Incluir completo o suficiente para operar","Pode ter acao automatica simples se regras, cota e permissao permitirem.","Nao exige agente","AUD-004"
"Pontos a decidir","Definir preferencias de notificacao por papel","Aceitar para desenho detalhado","Configuracao web","Configuracao completa no web","Configuracao versionavel quando sensivel","Regra simples do sistema","Web primeiro","Incluir completo o suficiente para operar","Automacao apenas roteia alertas conforme regra configurada.","Nao exige agente","AUD-005"
"Pontos a decidir","Executar checklist de abertura e fechamento do dia","Aceitar para desenho detalhado","Fila ou lista propria","Tela funcional","Registro operacional normal","Automacao simples permitida","Mobile acao completa","Incluir completo o suficiente para operar","Pode ter acao automatica simples se regras, cota e permissao permitirem.","Gestao do studio","AUD-006"
"Pontos a decidir","Tratar problema de disponibilidade do professor","Juntar com outro caso","Sem menu proprio","Subfluxo ou etapa","Registro operacional normal","Manual + sugestao","Mobile aprovacao/consulta","Incluir absorvido por outro fluxo","Pode ter acao automatica simples se regras, cota e permissao permitirem.","Agenda, Gestao do studio","AUD-007"
"Pontos a decidir","Tratar impacto de sala ou equipamento indisponivel","Aceitar para desenho detalhado","Dentro de outra tela","Acao contextual","Registro operacional normal","Automacao simples permitida","Mobile aprovacao/consulta","Incluir completo o suficiente para operar","Pode ter acao automatica simples se regras, cota e permissao permitirem.","Agenda, Gestao do studio","AUD-008"
"Pontos a decidir","Tratar impacto de feriado ou recesso nas aulas","Aceitar para desenho detalhado","Dentro de outra tela","Acao contextual","Forte: auditoria, permissao e historico","Bloqueada para decisao sensivel","Web primeiro","Incluir com trava forte","Automacao so pode detectar, alertar, bloquear, criar caso ou preparar revisao humana.","Agenda, Gestao do studio","AUD-009"
"Pontos a decidir","Enviar comunicado para turma ou alunos","Aceitar para desenho detalhado","Revisao/aprovacao","Revisao com decisao","Registro operacional normal","Limitada com revisao","Mobile aprovacao/consulta","Incluir completo o suficiente para operar","Automacao limitada; envio externo, dinheiro ou mudanca operacional pede revisao.","Atendimento, Gestao do studio","AUD-010"
"Pontos a decidir","Registrar pagamento parcial ou promessa de pagamento","Aceitar para desenho detalhado","Central de casos","Caso completo","Registro operacional normal","Limitada com revisao","Mobile acao completa","Incluir completo o suficiente para operar","Automacao limitada; envio externo, dinheiro ou mudanca operacional pede revisao.","Financeiro","AUD-011"
"Pontos a decidir","Renegociar saldo atrasado","Aceitar com profundidade enxuta","Central de casos","MVP enxuto","Registro operacional normal","Limitada com revisao","Mobile aprovacao/consulta","Incluir enxuto","Automacao limitada; envio externo, dinheiro ou mudanca operacional pede revisao.","Financeiro","AUD-012"
"Pontos a decidir","Tratar reembolso, contestacao ou disputa","Aceitar para desenho detalhado","Central de casos","Caso completo","Forte: auditoria, permissao e historico","Bloqueada para decisao sensivel","Mobile aprovacao/consulta","Incluir com trava forte","Automacao so pode detectar, alertar, bloquear, criar caso ou preparar revisao humana.","Financeiro","AUD-013"
"Pontos a decidir","Exportar dados financeiros para contabilidade","Aceitar com profundidade enxuta","Revisao/aprovacao","MVP enxuto","Registro operacional normal","Limitada com revisao","Web primeiro","Incluir enxuto","Automacao limitada; envio externo, dinheiro ou mudanca operacional pede revisao.","Financeiro","AUD-014"
"Pontos a decidir","Prever fluxo de caixa","Aceitar com profundidade enxuta","Painel ou relatorio","MVP enxuto","Derivado: relatorio/visao","Limitada com revisao","Mobile aprovacao/consulta","Incluir enxuto","Automacao limitada; envio externo, dinheiro ou mudanca operacional pede revisao.","Financeiro, Gestao do studio","AUD-015"
"Pontos a decidir","Celebrar marco importante do aluno","Juntar com outro caso","Sem menu proprio","Subfluxo ou etapa","Registro operacional normal","Automacao simples permitida","Mobile acao completa","Incluir absorvido por outro fluxo","Pode ter acao automatica simples se regras, cota e permissao permitirem.","Retencao","AUD-016"
"Pontos a decidir","Acompanhar primeira semana do novo aluno","Aceitar como caso ou trava; validar se vira agente proprio","Fila ou lista propria","Trava/caso, nao agente proprio ainda","Registro operacional normal","Automacao simples permitida","Mobile acao completa","Incluir como trava/caso; agente depois","Pode ter acao automatica simples se regras, cota e permissao permitirem.","Retencao","AUD-017"
"Pontos a decidir","Validar anamnese, consentimento e contato de emergencia","Aceitar como caso ou trava; validar se vira agente proprio","Dentro de outra tela","Trava/caso, nao agente proprio ainda","Forte: auditoria, permissao e historico","Bloqueada para decisao sensivel","Mobile acao completa","Incluir como trava/caso; agente depois","Automacao so pode detectar, alertar, bloquear, criar caso ou preparar revisao humana.","Historico do aluno","AUD-018"
"Pontos a decidir","Fazer revisao periodica do aluno","Juntar com outro caso","Sem menu proprio","Subfluxo ou etapa","Evento/log","Automacao simples permitida","Mobile parcial","Incluir absorvido por outro fluxo","Pode ter acao automatica simples se regras, cota e permissao permitirem.","Historico do aluno","AUD-019"
"Pontos a decidir","Escalar reclamacao sensivel","Aceitar para desenho detalhado","Dentro de outra tela","Acao contextual","Forte: auditoria, permissao e historico","Bloqueada para decisao sensivel","Mobile acao completa","Incluir com trava forte","Automacao so pode detectar, alertar, bloquear, criar caso ou preparar revisao humana.","Retencao","AUD-020"
"Pontos a decidir","Exportar ou fazer backup completo do CRM","Aceitar com profundidade enxuta","Revisao/aprovacao","MVP enxuto","Registro operacional normal","Manual com registro de auditoria","Web primeiro","Incluir enxuto","Exportacao exige permissao, escopo claro e auditoria.","Agente relacionado a validar","AUD-021"
"Pontos a decidir","Exportar, apagar ou anonimizar dados por LGPD","Aceitar para desenho detalhado","Central de casos","Caso completo","Forte: auditoria, permissao e historico","Bloqueada para decisao sensivel","Mobile aprovacao/consulta","Incluir com trava forte","Automacao so pode detectar, alertar, bloquear, criar caso ou preparar revisao humana.","Atendimento","AUD-022"
"Pontos a decidir","Aprovar acesso do suporte da Taliya","Aceitar para desenho detalhado","Revisao/aprovacao","Revisao com decisao","Forte: auditoria, permissao e historico","Bloqueada para decisao sensivel","Mobile aprovacao/consulta","Incluir com trava forte","Automacao so pode detectar, alertar, bloquear, criar caso ou preparar revisao humana.","Gestao do studio","AUD-023"
"Pontos a decidir","Arquivar ou reativar registro","Aceitar para desenho detalhado","Dentro de outra tela","Acao contextual","Registro operacional normal","Manual","Mobile acao completa","Incluir completo o suficiente para operar","Pode ter acao automatica simples se regras, cota e permissao permitirem.","Nao exige agente","AUD-024"
"Pontos a decidir","Criar segmento e validar quem pode receber acao em massa","Aceitar para desenho detalhado","Revisao/aprovacao","Revisao com decisao","Registro operacional normal","Limitada com revisao","Mobile aprovacao/consulta","Incluir completo o suficiente para operar","Automacao limitada; envio externo, dinheiro ou mudanca operacional pede revisao.","Retencao, Gestao do studio, Vendas","AUD-025"
